-- phpMyAdmin SQL Dump
-- version 5.2.1
-- https://www.phpmyadmin.net/
--
-- Host: 127.0.0.1
-- Generation Time: Nov 09, 2024 at 03:37 PM
-- Server version: 10.4.32-MariaDB
-- PHP Version: 8.2.12

SET SQL_MODE = "NO_AUTO_VALUE_ON_ZERO";
START TRANSACTION;
SET time_zone = "+00:00";


/*!40101 SET @OLD_CHARACTER_SET_CLIENT=@@CHARACTER_SET_CLIENT */;
/*!40101 SET @OLD_CHARACTER_SET_RESULTS=@@CHARACTER_SET_RESULTS */;
/*!40101 SET @OLD_COLLATION_CONNECTION=@@COLLATION_CONNECTION */;
/*!40101 SET NAMES utf8mb4 */;

--
-- Database: `stockflowfinalyearproject_db`
--

-- --------------------------------------------------------

--
-- Table structure for table `activity_log`
--

CREATE TABLE `activity_log` (
  `logID` bigint(20) UNSIGNED NOT NULL,
  `userID` bigint(20) UNSIGNED NOT NULL,
  `deleted_user` varchar(255) DEFAULT '-',
  `action` text NOT NULL,
  `timestamp` timestamp NOT NULL DEFAULT current_timestamp() ON UPDATE current_timestamp()
) ENGINE=InnoDB DEFAULT CHARSET=utf8mb4 COLLATE=utf8mb4_general_ci;

--
-- Dumping data for table `activity_log`
--

INSERT INTO `activity_log` (`logID`, `userID`, `deleted_user`, `action`, `timestamp`) VALUES
(1, 1, '-', 'TEST', '2024-10-29 16:53:11'),
(2, 1, '-', 'TEST', '2024-10-29 16:56:53'),
(3, 1, '-', 'Made changes to test 5', '2024-10-30 13:02:58'),
(4, 1, '-', 'ADDING TO FISH TEST', '2024-11-01 18:47:00'),
(5, 1, '-', 'feesh', '2024-11-01 18:48:49'),
(6, 1, '-', 'TEST', '2024-11-01 18:51:41'),
(7, 1, '-', 'test fish', '2024-11-01 18:54:11'),
(8, 11, '-', 'TEST', '2024-11-02 07:22:26'),
(9, 1, '-', 'TETS ADD', '2024-11-04 19:42:44'),
(10, 11, '-', 'TEST', '2024-11-04 19:44:42'),
(11, 1, '-', 'barney', '2024-11-05 06:37:49'),
(12, 11, '-', 'TEST ENTRY', '2024-11-05 12:49:47'),
(13, 11, '-', 'YOU BETTER WORK BRO', '2024-11-05 14:05:43'),
(14, 11, '-', 'NEW PRODUCT!', '2024-11-05 14:08:35'),
(15, 11, '-', 'changed product type & stock count', '2024-11-05 14:09:19'),
(16, 11, '-', 'updated product type', '2024-11-05 14:16:11'),
(17, 11, '-', 'trying this again', '2024-11-05 14:17:21'),
(18, 11, '-', 'one more time', '2024-11-05 14:17:58'),
(19, 11, '-', 'testing delete', '2024-11-05 15:24:14'),
(20, 11, '-', 'TEST', '2024-11-06 04:12:51'),
(21, 11, '-', 'made changes to product', '2024-11-06 04:13:33'),
(22, 11, '-', 'TEST', '2024-11-06 04:27:53'),
(23, 11, '-', 'test', '2024-11-06 04:29:09'),
(24, 11, '-', 'changes', '2024-11-06 04:30:22'),
(25, 1, '-', 'TEST INSERT', '2024-11-06 13:23:53'),
(26, 1, '-', 'ACTION', '2024-11-08 04:22:38'),
(27, 1, '-', 'action', '2024-11-08 04:24:03'),
(28, 1, '-', 'test', '2024-11-08 04:54:47'),
(29, 1, '-', 'test', '2024-11-08 04:59:59'),
(30, 1, '-', 'test', '2024-11-08 05:00:37'),
(31, 1, '-', 'inserting new item', '2024-11-08 10:57:52'),
(32, 1, '-', 'updasted product details\r\n', '2024-11-08 11:10:18'),
(33, 1, '-', 'inserting new item', '2024-11-08 11:42:41'),
(34, 1, '-', 'changed item deets', '2024-11-08 15:06:54');

-- --------------------------------------------------------

--
-- Table structure for table `product`
--

CREATE TABLE `product` (
  `productID` bigint(20) UNSIGNED NOT NULL,
  `prod_name` varchar(255) NOT NULL,
  `serial_no` varchar(255) NOT NULL,
  `SKU` varchar(255) NOT NULL,
  `brand` varchar(255) NOT NULL,
  `unit_price` decimal(10,2) NOT NULL,
  `quantity` int(5) NOT NULL,
  `storeID` bigint(20) UNSIGNED NOT NULL,
  `date_in` datetime DEFAULT NULL,
  `date_out` datetime DEFAULT NULL,
  `time_updated` timestamp NOT NULL DEFAULT current_timestamp() ON UPDATE current_timestamp()
) ENGINE=InnoDB DEFAULT CHARSET=utf8mb4 COLLATE=utf8mb4_general_ci;

--
-- Dumping data for table `product`
--

INSERT INTO `product` (`productID`, `prod_name`, `serial_no`, `SKU`, `brand`, `unit_price`, `quantity`, `storeID`, `date_in`, `date_out`, `time_updated`) VALUES
(1, 'Nike Dri-FIT Team (MLB Minnesota Twins) - Navy', '10I0QMF3', 'DF-Team-Navy-S', 'Nike', 40.00, 500, 4, '0000-00-00 00:00:00', '0000-00-00 00:00:00', '0000-00-00 00:00:00'),
(2, 'Nike Dri-FIT Team (MLB Minnesota Twins) - Navy', '10I0QMF4', 'DF-Team-Navy-M', 'Nike', 40.00, 500, 4, '0000-00-00 00:00:00', '0000-00-00 00:00:00', '0000-00-00 00:00:00'),
(3, 'Nike Dri-FIT Team (MLB Minnesota Twins) - Navy', '10I0QMF5', 'DF-Team-Navy-L', 'Nike', 40.00, 500, 4, '0000-00-00 00:00:00', '0000-00-00 00:00:00', '0000-00-00 00:00:00'),
(4, 'Club America - White', 'Q1UBYTL7', 'CA-White-S', 'Nike', 90.00, 500, 4, '0000-00-00 00:00:00', '0000-00-00 00:00:00', '0000-00-00 00:00:00'),
(5, 'Club America - White', 'Q1UBYTL8', 'CA-White-M', 'Nike', 90.00, 500, 4, '0000-00-00 00:00:00', '0000-00-00 00:00:00', '0000-00-00 00:00:00'),
(6, 'Club America - Black', 'Q1UBYTL9', 'CA-Black-S', 'Nike', 90.00, 500, 4, '0000-00-00 00:00:00', '0000-00-00 00:00:00', '0000-00-00 00:00:00'),
(7, 'Club America - Black', 'Q1UBYTL10', 'CA-Black-M', 'Nike', 90.00, 500, 4, '0000-00-00 00:00:00', '0000-00-00 00:00:00', '0000-00-00 00:00:00'),
(8, 'Club America - Black', 'Q1UBYTL11', 'CA-Black-L', 'Nike', 90.00, 500, 4, '0000-00-00 00:00:00', '0000-00-00 00:00:00', '0000-00-00 00:00:00'),
(9, 'Club America - Navy Striped', 'Q1UBYTL12', 'CA-NavyStripe-S', 'Nike', 90.00, 500, 4, '0000-00-00 00:00:00', '0000-00-00 00:00:00', '0000-00-00 00:00:00'),
(10, 'Club America - Navy Striped', 'Q1UBYTL13', 'CA-NavyStripe-M', 'Nike', 90.00, 500, 4, '0000-00-00 00:00:00', '0000-00-00 00:00:00', '0000-00-00 00:00:00'),
(11, 'Club America - Navy Striped', 'Q1UBYTL14', 'CA-NavyStripe-L', 'Nike', 90.00, 500, 4, '0000-00-00 00:00:00', '0000-00-00 00:00:00', '0000-00-00 00:00:00'),
(12, 'Nike Sportswear Swoosh', 'L7QNKT6Q', 'NSS-Panda-S', 'Nike', 140.00, 500, 4, '0000-00-00 00:00:00', '0000-00-00 00:00:00', '0000-00-00 00:00:00'),
(13, 'Nike Dri-FIT One Luxe', 'GY90NX0F', 'DF-OneLuxe-M', 'Nike', 22.97, 500, 4, '0000-00-00 00:00:00', '0000-00-00 00:00:00', '0000-00-00 00:00:00'),
(14, 'Paris Saint-Germain Repel Academy AWF', 'ZOJ4S79O', 'PSG-AWF-S', 'Nike', 70.00, 500, 4, '0000-00-00 00:00:00', '0000-00-00 00:00:00', '0000-00-00 00:00:00'),
(15, 'NFL Miami Dolphins (Mike Gesicki)', 'GPLH42UB', 'NFL-MD-S', 'Nike', 130.00, 500, 4, '0000-00-00 00:00:00', '0000-00-00 00:00:00', '0000-00-00 00:00:00'),
(16, 'Kristaps Porziatazis Knicks Icon Edition', 'DKDQGUY1', 'KPK-IE-S', 'Nike', 104.99, 500, 4, '0000-00-00 00:00:00', '0000-00-00 00:00:00', '0000-00-00 00:00:00'),
(17, 'Nike College (Oregon)', 'H1W0EY0M', 'NC1-S', 'Nike', 18.97, 500, 4, '0000-00-00 00:00:00', '0000-00-00 00:00:00', '0000-00-00 00:00:00'),
(18, 'Nike Sportswear', 'FLKTS3WK', 'NK-SW-S', 'Nike', 28.97, 500, 4, '0000-00-00 00:00:00', '0000-00-00 00:00:00', '0000-00-00 00:00:00'),
(19, 'Nike Therma Crucial Catch (NFL Miami Dolphins)', 'WVPDVMBM', 'NFL-TCC-S', 'Nike', 85.00, 500, 4, '0000-00-00 00:00:00', '0000-00-00 00:00:00', '0000-00-00 00:00:00'),
(20, 'Nike Sportswear Tech Fleece', 'GGZV16IL', 'STF-LKJ-S', 'Nike', 45.97, 500, 4, '0000-00-00 00:00:00', '0000-00-00 00:00:00', '0000-00-00 00:00:00'),
(21, 'Paris Saint-Germain Strike', 'BIL5KG2R', 'PSG-Str-S', 'Nike', 45.00, 500, 4, '0000-00-00 00:00:00', '0000-00-00 00:00:00', '0000-00-00 00:00:00'),
(22, 'Croatia 2022/23 Stadium Away', 'WVPDVMBM', 'CTA-2223-S', 'Nike', 95.00, 500, 4, '0000-00-00 00:00:00', '0000-00-00 00:00:00', '0000-00-00 00:00:00'),
(23, 'Nike Therma Lockup (NFL Kansas City Chiefs)', 'QKQRWXXV', 'NFL-TL-S', 'Nike', 95.00, 500, 4, '0000-00-00 00:00:00', '0000-00-00 00:00:00', '0000-00-00 00:00:00'),
(24, 'Nike Dri-FIT Primetime Logo (MLB San Francisco Giants)', 'ZHFLO4AP', 'NSS-Panda-S', 'Nike', 45.00, 500, 4, '0000-00-00 00:00:00', '0000-00-00 00:00:00', '0000-00-00 00:00:00'),
(25, 'Nike City Connect Wordmark (MLB Kansas City Royals)', 'OHP55OX3', 'DF-OneLuxe-M', 'Nike', 30.00, 500, 4, '0000-00-00 00:00:00', '0000-00-00 00:00:00', '0000-00-00 00:00:00'),
(26, 'Nike College Therma (Michigan State)', 'VTPBCCE7', 'PSG-AWF-S', 'Nike', 40.97, 500, 4, '0000-00-00 00:00:00', '0000-00-00 00:00:00', '0000-00-00 00:00:00'),
(27, 'Portugal 2022/23 Stadium Home', 'L7QNKT6Q', 'NFL-MD-S', 'Nike', 52.00, 500, 4, '0000-00-00 00:00:00', '0000-00-00 00:00:00', '0000-00-00 00:00:00'),
(28, 'Nike College Legacy91 (UNC)', 'GY90NX0F', 'KPK-IE-S', 'Nike', 21.97, 500, 4, '0000-00-00 00:00:00', '0000-00-00 00:00:00', '0000-00-00 00:00:00'),
(29, 'Nike Rewind Playback Helmet (NFL Tennessee Titans)', 'ZOJ4S79O', 'NC1-S', 'Nike', 55.00, 500, 4, '0000-00-00 00:00:00', '0000-00-00 00:00:00', '0000-00-00 00:00:00'),
(30, 'Denver Nuggets Nike x Filip Pagowski', 'GPLH42UB', 'NK-SW-S', 'Nike', 21.97, 500, 4, '0000-00-00 00:00:00', '0000-00-00 00:00:00', '0000-00-00 00:00:00'),
(31, 'Hurley Palmdale', 'DKDQGUY1', 'NFL-TCC-S', 'Nike', 40.00, 500, 4, '0000-00-00 00:00:00', '0000-00-00 00:00:00', '0000-00-00 00:00:00'),
(32, 'NFL Minnesota Vikings Nike Vapor Untouchable (Randy Moss)', 'H1W0EY0M', 'STF-LKJ-S', 'Nike', 160.00, 500, 4, '0000-00-00 00:00:00', '0000-00-00 00:00:00', '0000-00-00 00:00:00'),
(33, 'Air Jordan 1 Zoom CMFT', 'FLKTS3WK', 'PSG-Str-S', 'Nike', 150.00, 500, 4, '0000-00-00 00:00:00', '0000-00-00 00:00:00', '0000-00-00 00:00:00'),
(34, 'Nike Air Pegasus 83 Premium', 'WVPDVMBM', 'CTA-2223-S', 'Nike', 89.97, 500, 4, '0000-00-00 00:00:00', '0000-00-00 00:00:00', '0000-00-00 00:00:00'),
(35, 'Nike College (Alabama)', 'GGZV16IL', 'NFL-TL-S', 'Nike', 18.97, 500, 4, '0000-00-00 00:00:00', '0000-00-00 00:00:00', '0000-00-00 00:00:00'),
(36, 'Nike', 'BIL5KG2R', 'NSS-Panda-S', 'Nike', 18.00, 500, 4, '0000-00-00 00:00:00', '0000-00-00 00:00:00', '0000-00-00 00:00:00'),
(37, 'Nike Fury', 'WVPDVMBM', 'DF-OneLuxe-M', 'Nike', 13.97, 500, 4, '0000-00-00 00:00:00', '0000-00-00 00:00:00', '0000-00-00 00:00:00'),
(38, 'Nike Myriad', 'QKQRWXXV', 'PSG-AWF-S', 'Nike', 69.97, 500, 4, '0000-00-00 00:00:00', '0000-00-00 00:00:00', '0000-00-00 00:00:00'),
(39, 'Nike Dri-FIT Crucial Catch (NFL Buffalo Bills)', 'ZHFLO4AP', 'NFL-MD-S', 'Nike', 85.00, 500, 4, '0000-00-00 00:00:00', '0000-00-00 00:00:00', '0000-00-00 00:00:00'),
(40, 'Nike Air Force 1 LV8 Utility', 'OHP55OX3', 'KPK-IE-S', 'Nike', 76.97, 500, 4, '0000-00-00 00:00:00', '0000-00-00 00:00:00', '0000-00-00 00:00:00'),
(41, 'Chelsea FC Strike', 'VTPBCCE7', 'NC1-S', 'Nike', 90.00, 500, 4, '0000-00-00 00:00:00', '0000-00-00 00:00:00', '0000-00-00 00:00:00'),
(42, 'MLB Boston Red Sox', 'L7QNKT6Q', 'NK-SW-S', 'Nike', 115.00, 500, 4, '0000-00-00 00:00:00', '0000-00-00 00:00:00', '0000-00-00 00:00:00'),
(43, 'MLB Arizona Diamondbacks City Connect', 'GY90NX0F', 'NFL-TCC-S', 'Nike', 135.00, 500, 4, '0000-00-00 00:00:00', '0000-00-00 00:00:00', '0000-00-00 00:00:00'),
(44, 'Nike College Max 90 (Gonzaga)', 'ZOJ4S79O', 'STF-LKJ-S', 'Nike', 26.97, 500, 4, '0000-00-00 00:00:00', '0000-00-00 00:00:00', '0000-00-00 00:00:00'),
(45, 'Nike Dri-FIT', 'GPLH42UB', 'PSG-Str-S', 'Nike', 36.00, 500, 4, '0000-00-00 00:00:00', '0000-00-00 00:00:00', '0000-00-00 00:00:00'),
(46, 'Nike Therma Crucial Catch (NFL Atlanta Falcons)', 'DKDQGUY1', 'CTA-2223-S', 'Nike', 85.00, 500, 4, '0000-00-00 00:00:00', '0000-00-00 00:00:00', '0000-00-00 00:00:00'),
(47, 'Zion 2', 'H1W0EY0M', 'NFL-TL-S', 'Nike', 119.97, 500, 4, '0000-00-00 00:00:00', '0000-00-00 00:00:00', '0000-00-00 00:00:00'),
(48, 'Jordan', 'FLKTS3WK', 'NSS-Panda-S', 'Nike', 33.97, 500, 4, '0000-00-00 00:00:00', '0000-00-00 00:00:00', '0000-00-00 00:00:00'),
(49, 'Nike Dri-FIT Sideline Velocity Lockup (NFL Buffalo Bills)', 'WVPDVMBM', 'DF-OneLuxe-M', 'Nike', 40.00, 500, 4, '0000-00-00 00:00:00', '0000-00-00 00:00:00', '0000-00-00 00:00:00'),
(50, 'Jordan', 'GGZV16IL', 'PSG-AWF-S', 'Nike', 34.97, 500, 4, '0000-00-00 00:00:00', '0000-00-00 00:00:00', '0000-00-00 00:00:00'),
(51, 'Nike Air Max 90 SE', 'BIL5KG2R', 'NFL-MD-S', 'Nike', 119.97, 500, 4, '0000-00-00 00:00:00', '0000-00-00 00:00:00', '0000-00-00 00:00:00'),
(52, 'Nike Dri-FIT Athletic Arch Jersey (NFL Pittsburgh Steelers)', 'WVPDVMBM', 'KPK-IE-S', 'Nike', 100.00, 500, 4, '0000-00-00 00:00:00', '0000-00-00 00:00:00', '0000-00-00 00:00:00'),
(53, 'Sylvia Fowles Lynx Explorer Edition', 'QKQRWXXV', 'NC1-S', 'Nike', 100.00, 500, 4, '0000-00-00 00:00:00', '0000-00-00 00:00:00', '0000-00-00 00:00:00'),
(54, 'Nike Air', 'ZHFLO4AP', 'NK-SW-S', 'Nike', 34.97, 500, 4, '0000-00-00 00:00:00', '0000-00-00 00:00:00', '0000-00-00 00:00:00'),
(55, 'Paris-Saint Germain 2021/22 Stadium Third', 'OHP55OX3', 'NFL-TCC-S', 'Nike', 75.00, 500, 4, '0000-00-00 00:00:00', '0000-00-00 00:00:00', '0000-00-00 00:00:00'),
(56, 'Nike Dri-FIT City Connect Striped (MLB San Francisco Giants)', 'VTPBCCE7', 'STF-LKJ-S', 'Nike', 65.00, 500, 4, '0000-00-00 00:00:00', '0000-00-00 00:00:00', '0000-00-00 00:00:00'),
(57, 'Nike Team (NFL Buffalo Bills)', 'L7QNKT6Q', 'PSG-Str-S', 'Nike', 35.00, 500, 4, '0000-00-00 00:00:00', '0000-00-00 00:00:00', '0000-00-00 00:00:00'),
(58, 'Nike Pro', 'GY90NX0F', 'CTA-2223-S', 'Nike', 24.97, 500, 4, '0000-00-00 00:00:00', '0000-00-00 00:00:00', '0000-00-00 00:00:00'),
(59, 'Nike SFB Gen 2 8”', 'ZOJ4S79O', 'NFL-TL-S', 'Nike', 140.00, 500, 4, '0000-00-00 00:00:00', '0000-00-00 00:00:00', '0000-00-00 00:00:00'),
(60, 'Nike Air Force 1 \'07 LV8', 'GPLH42UB', 'NSS-Panda-S', 'Nike', 130.00, 500, 4, '0000-00-00 00:00:00', '0000-00-00 00:00:00', '0000-00-00 00:00:00'),
(61, 'Nike', 'DKDQGUY1', 'DF-OneLuxe-M', 'Nike', 36.97, 500, 4, '0000-00-00 00:00:00', '0000-00-00 00:00:00', '0000-00-00 00:00:00'),
(62, 'Nike Heritage86 (MLB Yankees)', 'H1W0EY0M', 'PSG-AWF-S', 'Nike', 21.97, 500, 4, '0000-00-00 00:00:00', '0000-00-00 00:00:00', '0000-00-00 00:00:00'),
(63, 'Nike Essential', 'FLKTS3WK', 'NFL-MD-S', 'Nike', 12.00, 500, 4, '0000-00-00 00:00:00', '0000-00-00 00:00:00', '0000-00-00 00:00:00'),
(64, 'Nike', 'WVPDVMBM', 'KPK-IE-S', 'Nike', 15.97, 500, 4, '0000-00-00 00:00:00', '0000-00-00 00:00:00', '0000-00-00 00:00:00'),
(65, 'Heat Heritage86', 'GGZV16IL', 'NC1-S', 'Nike', 30.00, 500, 4, '0000-00-00 00:00:00', '0000-00-00 00:00:00', '0000-00-00 00:00:00'),
(66, 'Nike 8-Pound ', 'BIL5KG2R', 'NK-SW-S', 'Nike', 26.97, 500, 4, '0000-00-00 00:00:00', '0000-00-00 00:00:00', '0000-00-00 00:00:00'),
(67, 'Club América', 'WVPDVMBM', 'NFL-TCC-S', 'Nike', 78.97, 500, 4, '0000-00-00 00:00:00', '0000-00-00 00:00:00', '0000-00-00 00:00:00'),
(68, 'Nike Sportswear', 'QKQRWXXV', 'STF-LKJ-S', 'Nike', 38.97, 500, 4, '0000-00-00 00:00:00', '0000-00-00 00:00:00', '0000-00-00 00:00:00'),
(69, 'Nike College (Georgia)', 'ZHFLO4AP', 'PSG-Str-S', 'Nike', 35.00, 500, 4, '0000-00-00 00:00:00', '0000-00-00 00:00:00', '0000-00-00 00:00:00'),
(70, 'Charlotte Hornets', 'OHP55OX3', 'CTA-2223-S', 'Nike', 35.00, 500, 4, '0000-00-00 00:00:00', '0000-00-00 00:00:00', '0000-00-00 00:00:00'),
(71, 'Nike College (Tennessee)', 'VTPBCCE7', 'NFL-TL-S', 'Nike', 24.97, 500, 4, '0000-00-00 00:00:00', '0000-00-00 00:00:00', '0000-00-00 00:00:00'),
(72, 'Nike Court Naomi Osaka Collection', 'L7QNKT6Q', 'NSS-Panda-S', 'Nike', 30.97, 500, 4, '0000-00-00 00:00:00', '0000-00-00 00:00:00', '0000-00-00 00:00:00'),
(73, 'Nike College Dri-FIT Coach (Duke)', 'GY90NX0F', 'DF-OneLuxe-M', 'Nike', 45.00, 500, 4, '0000-00-00 00:00:00', '0000-00-00 00:00:00', '0000-00-00 00:00:00'),
(74, 'Nike Overview (MLB Philadelphia Phillies)', 'ZOJ4S79O', 'PSG-AWF-S', 'Nike', 110.00, 500, 4, '0000-00-00 00:00:00', '0000-00-00 00:00:00', '0000-00-00 00:00:00'),
(75, 'Nike', 'GPLH42UB', 'NFL-MD-S', 'Nike', 12.97, 500, 4, '0000-00-00 00:00:00', '0000-00-00 00:00:00', '0000-00-00 00:00:00'),
(76, 'Nike Dri-FIT Performance Select', 'DKDQGUY1', 'KPK-IE-S', 'Nike', 58.00, 500, 4, '0000-00-00 00:00:00', '0000-00-00 00:00:00', '0000-00-00 00:00:00'),
(77, 'Air Jordan 1 Low SE', 'H1W0EY0M', 'NC1-S', 'Nike', 95.00, 500, 4, '0000-00-00 00:00:00', '0000-00-00 00:00:00', '0000-00-00 00:00:00'),
(78, 'Air Jordan XXXVI Low Luka PF', 'FLKTS3WK', 'NK-SW-S', 'Nike', 175.00, 500, 4, '0000-00-00 00:00:00', '0000-00-00 00:00:00', '0000-00-00 00:00:00'),
(79, 'Nike', 'WVPDVMBM', 'NFL-TCC-S', 'Nike', 9.97, 500, 4, '0000-00-00 00:00:00', '0000-00-00 00:00:00', '0000-00-00 00:00:00'),
(80, 'Nike Offline Pack', 'GGZV16IL', 'STF-LKJ-S', 'Nike', 92.97, 500, 4, '0000-00-00 00:00:00', '0000-00-00 00:00:00', '0000-00-00 00:00:00'),
(81, 'Nike Dri-FIT Sideline Velocity Lockup (NFL Green Bay Packers)', 'BIL5KG2R', 'PSG-Str-S', 'Nike', 40.00, 500, 4, '0000-00-00 00:00:00', '0000-00-00 00:00:00', '0000-00-00 00:00:00'),
(82, 'Philadelphia 76ers', 'WVPDVMBM', 'CTA-2223-S', 'Nike', 48.00, 500, 4, '0000-00-00 00:00:00', '0000-00-00 00:00:00', '0000-00-00 00:00:00'),
(83, 'Nike Sportswear', 'QKQRWXXV', 'NFL-TL-S', 'Nike', 53.97, 500, 4, '0000-00-00 00:00:00', '0000-00-00 00:00:00', '0000-00-00 00:00:00'),
(84, 'Team 31', 'ZHFLO4AP', 'NSS-Panda-S', 'Nike', 35.00, 500, 4, '0000-00-00 00:00:00', '0000-00-00 00:00:00', '0000-00-00 00:00:00'),
(85, 'Nike Dri-FIT (NFL San Francisco 49ers)', 'OHP55OX3', 'DF-OneLuxe-M', 'Nike', 65.00, 500, 4, '0000-00-00 00:00:00', '0000-00-00 00:00:00', '0000-00-00 00:00:00'),
(86, 'Nike Therma City Connect (MLB Boston Red Sox)', 'VTPBCCE7', 'PSG-AWF-S', 'Nike', 80.00, 500, 4, '0000-00-00 00:00:00', '0000-00-00 00:00:00', '0000-00-00 00:00:00'),
(87, 'Nike Brasilia', 'L7QNKT6Q', 'NFL-MD-S', 'Nike', 50.00, 500, 4, '0000-00-00 00:00:00', '0000-00-00 00:00:00', '0000-00-00 00:00:00'),
(88, 'Chelsea FC Repel Academy AWF', 'GY90NX0F', 'KPK-IE-S', 'Nike', 75.00, 500, 4, '0000-00-00 00:00:00', '0000-00-00 00:00:00', '0000-00-00 00:00:00'),
(89, 'MLB Boston Red Sox (Andrew Benintendi)', 'ZOJ4S79O', 'NC1-S', 'Nike', 135.00, 500, 4, '0000-00-00 00:00:00', '0000-00-00 00:00:00', '0000-00-00 00:00:00'),
(90, 'Nike Dri-FIT', 'GPLH42UB', 'NK-SW-S', 'Nike', 15.97, 500, 4, '0000-00-00 00:00:00', '0000-00-00 00:00:00', '0000-00-00 00:00:00'),
(91, 'Jordan France', 'DKDQGUY1', 'NFL-TCC-S', 'Nike', 60.00, 500, 4, '0000-00-00 00:00:00', '0000-00-00 00:00:00', '0000-00-00 00:00:00'),
(92, 'Nike Sportswear', 'H1W0EY0M', 'STF-LKJ-S', 'Nike', 31.97, 500, 4, '0000-00-00 00:00:00', '0000-00-00 00:00:00', '0000-00-00 00:00:00'),
(93, 'Nike Dri-FIT Stretch (NFL Chicago Bears)', 'FLKTS3WK', 'PSG-Str-S', 'Nike', 45.00, 500, 4, '0000-00-00 00:00:00', '0000-00-00 00:00:00', '0000-00-00 00:00:00'),
(94, 'Nike Sportswear Club', 'WVPDVMBM', 'CTA-2223-S', 'Nike', 63.97, 500, 4, '0000-00-00 00:00:00', '0000-00-00 00:00:00', '0000-00-00 00:00:00'),
(95, 'Nike Dri-FIT (NFL Los Angeles Chargers)', 'GGZV16IL', 'NFL-TL-S', 'Nike', 40.00, 500, 4, '0000-00-00 00:00:00', '0000-00-00 00:00:00', '0000-00-00 00:00:00'),
(96, 'Nike Dri-FIT', 'BIL5KG2R', 'NSS-Panda-S', 'Nike', 28.00, 500, 4, '0000-00-00 00:00:00', '0000-00-00 00:00:00', '0000-00-00 00:00:00'),
(97, 'Air Jordan Legacy 312 Low', 'WVPDVMBM', 'DF-OneLuxe-M', 'Nike', 85.97, 500, 4, '0000-00-00 00:00:00', '0000-00-00 00:00:00', '0000-00-00 00:00:00'),
(98, 'Nike Sportswear', 'QKQRWXXV', 'PSG-AWF-S', 'Nike', 34.97, 500, 4, '0000-00-00 00:00:00', '0000-00-00 00:00:00', '0000-00-00 00:00:00'),
(99, 'Nike Dri-FIT Player', 'ZHFLO4AP', 'NFL-MD-S', 'Nike', 76.97, 500, 4, '0000-00-00 00:00:00', '0000-00-00 00:00:00', '0000-00-00 00:00:00'),
(100, 'Nike Dri-FIT Swoosh', 'OHP55OX3', 'KPK-IE-S', 'Nike', 30.00, 500, 4, '0000-00-00 00:00:00', '0000-00-00 00:00:00', '0000-00-00 00:00:00'),
(101, 'Nike Dri-FIT Infograph (NFL Buffalo Bills)', 'VTPBCCE7', 'NC1-S', 'Nike', 40.00, 500, 4, '0000-00-00 00:00:00', '0000-00-00 00:00:00', '0000-00-00 00:00:00'),
(102, 'U.S. Academy Pro', 'L7QNKT6Q', 'NK-SW-S', 'Nike', 30.00, 500, 4, '0000-00-00 00:00:00', '0000-00-00 00:00:00', '0000-00-00 00:00:00'),
(103, 'Nike Air Deschutz+ SE', 'GY90NX0F', 'NFL-TCC-S', 'Nike', 85.00, 500, 4, '0000-00-00 00:00:00', '0000-00-00 00:00:00', '0000-00-00 00:00:00'),
(104, 'Nike Dri-FIT', 'ZOJ4S79O', 'STF-LKJ-S', 'Nike', 36.97, 500, 4, '0000-00-00 00:00:00', '0000-00-00 00:00:00', '0000-00-00 00:00:00'),
(105, 'Sacramento Kings Icon Edition', 'GPLH42UB', 'PSG-Str-S', 'Nike', 80.00, 500, 4, '0000-00-00 00:00:00', '0000-00-00 00:00:00', '0000-00-00 00:00:00'),
(106, 'MLB Houston Astros', 'DKDQGUY1', 'CTA-2223-S', 'Nike', 115.00, 500, 4, '0000-00-00 00:00:00', '0000-00-00 00:00:00', '0000-00-00 00:00:00'),
(107, 'Nike ACG AW84', 'H1W0EY0M', 'NFL-TL-S', 'Nike', 28.00, 500, 4, '0000-00-00 00:00:00', '0000-00-00 00:00:00', '0000-00-00 00:00:00'),
(108, 'Nike College Heritage86 (Texas)', 'FLKTS3WK', 'NSS-Panda-S', 'Nike', 22.97, 500, 4, '0000-00-00 00:00:00', '0000-00-00 00:00:00', '0000-00-00 00:00:00'),
(109, 'New York Knicks', 'WVPDVMBM', 'DF-OneLuxe-M', 'Nike', 28.00, 500, 4, '0000-00-00 00:00:00', '0000-00-00 00:00:00', '0000-00-00 00:00:00'),
(110, 'Paris Saint-Germain 2022/23 Stadium Home', 'GGZV16IL', 'PSG-AWF-S', 'Nike', 90.00, 500, 4, '0000-00-00 00:00:00', '0000-00-00 00:00:00', '0000-00-00 00:00:00'),
(111, 'Nike College Dri-FIT (Michigan State)', 'BIL5KG2R', 'NFL-MD-S', 'Nike', 37.97, 500, 4, '0000-00-00 00:00:00', '0000-00-00 00:00:00', '0000-00-00 00:00:00'),
(112, 'Nike Dri-FIT Crucial Catch (NFL Tampa Bay Buccaneers)', 'WVPDVMBM', 'KPK-IE-S', 'Nike', 40.00, 500, 4, '0000-00-00 00:00:00', '0000-00-00 00:00:00', '0000-00-00 00:00:00'),
(113, 'Nike Zoned Support', 'QKQRWXXV', 'NC1-S', 'Nike', 45.00, 500, 4, '0000-00-00 00:00:00', '0000-00-00 00:00:00', '0000-00-00 00:00:00'),
(114, 'Nike', 'ZHFLO4AP', 'NK-SW-S', 'Nike', 10.97, 500, 4, '0000-00-00 00:00:00', '0000-00-00 00:00:00', '0000-00-00 00:00:00'),
(115, 'Nike Dri-FIT Vapor', 'OHP55OX3', 'NFL-TCC-S', 'Nike', 55.97, 500, 4, '0000-00-00 00:00:00', '0000-00-00 00:00:00', '0000-00-00 00:00:00'),
(116, 'Nike Sportswear', 'VTPBCCE7', 'STF-LKJ-S', 'Nike', 32.97, 500, 4, '0000-00-00 00:00:00', '0000-00-00 00:00:00', '0000-00-00 00:00:00'),
(117, 'Air Jordan XXXV Low DS PF', 'BIL5KG2R', 'PSG-Str-S', 'Nike', 165.00, 500, 4, '0000-00-00 00:00:00', '0000-00-00 00:00:00', '0000-00-00 00:00:00'),
(118, 'Nike College Dri-FIT (UCLA)', 'WVPDVMBM', 'CTA-2223-S', 'Nike', 50.00, 500, 4, '0000-00-00 00:00:00', '0000-00-00 00:00:00', '0000-00-00 00:00:00'),
(119, 'Jordan', 'QKQRWXXV', 'NFL-TL-S', 'Nike', 75.00, 500, 4, '0000-00-00 00:00:00', '0000-00-00 00:00:00', '0000-00-00 00:00:00'),
(120, 'NFL Los Angeles Rams Nike Vapor Untouchable (Matthew Stafford)', 'ZHFLO4AP', 'NSS-Panda-S', 'Nike', 160.00, 500, 4, '0000-00-00 00:00:00', '0000-00-00 00:00:00', '0000-00-00 00:00:00'),
(121, 'Nike Team First (MLB Houston Astros)', 'OHP55OX3', 'DF-OneLuxe-M', 'Nike', 35.00, 500, 4, '0000-00-00 00:00:00', '0000-00-00 00:00:00', '0000-00-00 00:00:00'),
(122, 'Beach Shorts', 'FJ5089', 'DF-Team-Navy-S', 'Adidas', 40.00, 500, 2, '0000-00-00 00:00:00', '0000-00-00 00:00:00', '0000-00-00 00:00:00'),
(123, 'Five Ten Kestrel Lace Mountain Bike Shoes', 'BC0770', 'DF-Team-Navy-M', 'Adidas', 40.00, 500, 2, '0000-00-00 00:00:00', '0000-00-00 00:00:00', '0000-00-00 00:00:00'),
(124, 'Mexico Away Jersey', 'GC7946', 'DF-Team-Navy-L', 'Adidas', 40.00, 500, 2, '0000-00-00 00:00:00', '0000-00-00 00:00:00', '0000-00-00 00:00:00'),
(125, 'Five Ten Hiangle Pro Competition Climbing Shoes', 'FV4744', 'CA-White-S', 'Adidas', 90.00, 500, 2, '0000-00-00 00:00:00', '0000-00-00 00:00:00', '0000-00-00 00:00:00'),
(126, 'Mesh Broken-Stripe Polo Shirt', 'GM0239', 'CA-White-M', 'Adidas', 90.00, 500, 2, '0000-00-00 00:00:00', '0000-00-00 00:00:00', '0000-00-00 00:00:00'),
(127, 'EQT Spikeless Golf Shoes', 'FX7449', 'CA-Black-S', 'Adidas', 90.00, 500, 2, '0000-00-00 00:00:00', '0000-00-00 00:00:00', '0000-00-00 00:00:00'),
(128, 'Adicross Hybrid Shorts', 'GM5505', 'CA-Black-M', 'Adidas', 90.00, 500, 2, '0000-00-00 00:00:00', '0000-00-00 00:00:00', '0000-00-00 00:00:00'),
(129, 'Tiro 21 Windbreaker', 'GP4975', 'CA-Black-L', 'Adidas', 90.00, 500, 2, '0000-00-00 00:00:00', '0000-00-00 00:00:00', '0000-00-00 00:00:00'),
(130, 'Classic 3-Stripes Swimsuit', 'FS3923', 'CA-NavyStripe-S', 'Adidas', 90.00, 500, 2, '0000-00-00 00:00:00', '0000-00-00 00:00:00', '0000-00-00 00:00:00'),
(131, 'Tiro 21 Windbreaker', 'GP4967', 'CA-NavyStripe-M', 'Adidas', 90.00, 500, 2, '0000-00-00 00:00:00', '0000-00-00 00:00:00', '0000-00-00 00:00:00'),
(132, 'Formotion Sculpt Biker Short Tights', 'GL1127', 'CA-NavyStripe-L', 'Adidas', 90.00, 500, 2, '0000-00-00 00:00:00', '0000-00-00 00:00:00', '0000-00-00 00:00:00'),
(133, 'Athletic Cushioned Crew Socks 6 Pairs', 'B93219', 'NSS-Panda-S', 'Adidas', 140.00, 500, 2, '0000-00-00 00:00:00', '0000-00-00 00:00:00', '0000-00-00 00:00:00'),
(134, 'Inter Miami CF Home Authentic Jersey', 'EH8629', 'DF-OneLuxe-M', 'Adidas', 22.97, 500, 2, '0000-00-00 00:00:00', '0000-00-00 00:00:00', '0000-00-00 00:00:00'),
(135, 'Cushioned Mid-Crew Socks 2 Pairs', 'CJ5831', 'PSG-AWF-S', 'Adidas', 70.00, 500, 2, '0000-00-00 00:00:00', '0000-00-00 00:00:00', '0000-00-00 00:00:00'),
(136, 'Tour Camo-Print Hat', 'GM7499', 'NFL-MD-S', 'Adidas', 130.00, 500, 2, '0000-00-00 00:00:00', '0000-00-00 00:00:00', '0000-00-00 00:00:00'),
(137, 'Essentials Loose Logo Tank Top', 'H07758', 'KPK-IE-S', 'Adidas', 104.99, 500, 2, '0000-00-00 00:00:00', '0000-00-00 00:00:00', '0000-00-00 00:00:00'),
(138, 'Essentials Loose Logo Tank Top', 'H07757', 'NC1-S', 'Adidas', 18.97, 500, 2, '0000-00-00 00:00:00', '0000-00-00 00:00:00', '0000-00-00 00:00:00'),
(139, 'Superstar Shoes', 'FV3143', 'NK-SW-S', 'Adidas', 28.97, 500, 2, '0000-00-00 00:00:00', '0000-00-00 00:00:00', '0000-00-00 00:00:00'),
(140, 'Essentials Loose Logo Tank Top', 'H07756', 'NFL-TCC-S', 'Adidas', 85.00, 500, 2, '0000-00-00 00:00:00', '0000-00-00 00:00:00', '0000-00-00 00:00:00'),
(141, 'Formotion Sculpt Tights', 'GN9137', 'STF-LKJ-S', 'Adidas', 45.97, 500, 2, '0000-00-00 00:00:00', '0000-00-00 00:00:00', '0000-00-00 00:00:00'),
(142, 'Marvel X Ghosted.3 Firm Ground Cleats', 'FZ1757', 'PSG-Str-S', 'Adidas', 45.00, 500, 2, '0000-00-00 00:00:00', '0000-00-00 00:00:00', '0000-00-00 00:00:00'),
(143, 'Pureboost 21 Shoes', 'GY5110', 'CTA-2223-S', 'Adidas', 95.00, 500, 2, '0000-00-00 00:00:00', '0000-00-00 00:00:00', '0000-00-00 00:00:00'),
(144, 'Lite Racer BYD 2.0 Shoes', 'GZ8209', 'NFL-TL-S', 'Adidas', 95.00, 500, 2, '0000-00-00 00:00:00', '0000-00-00 00:00:00', '0000-00-00 00:00:00'),
(145, 'Adilette Shower Slides', 'FZ2853', 'NSS-Panda-S', 'Adidas', 45.00, 500, 2, '0000-00-00 00:00:00', '0000-00-00 00:00:00', '0000-00-00 00:00:00'),
(146, 'Essentials Loose Logo Tank Top', 'GL0567', 'DF-OneLuxe-M', 'Adidas', 30.00, 500, 2, '0000-00-00 00:00:00', '0000-00-00 00:00:00', '0000-00-00 00:00:00'),
(147, 'Conext 21 Mini Ball', 'GK3487', 'PSG-AWF-S', 'Adidas', 40.97, 500, 2, '0000-00-00 00:00:00', '0000-00-00 00:00:00', '0000-00-00 00:00:00'),
(148, 'Essentials Logo Dress', 'H42010', 'NFL-MD-S', 'Adidas', 52.00, 500, 2, '0000-00-00 00:00:00', '0000-00-00 00:00:00', '0000-00-00 00:00:00'),
(149, 'Copa Sense.3 Turf Shoes', 'FW6528', 'KPK-IE-S', 'Adidas', 21.97, 500, 2, '0000-00-00 00:00:00', '0000-00-00 00:00:00', '0000-00-00 00:00:00'),
(150, 'Best Version of Myself Slogan Graphic Tank Top', 'GS4153', 'NC1-S', 'Adidas', 55.00, 500, 2, '0000-00-00 00:00:00', '0000-00-00 00:00:00', '0000-00-00 00:00:00'),
(151, 'Essentials 3-Stripes Full-Zip Hoodie', 'H07840', 'NK-SW-S', 'Adidas', 21.97, 500, 2, '0000-00-00 00:00:00', '0000-00-00 00:00:00', '0000-00-00 00:00:00'),
(152, 'Best Version of Myself Slogan Graphic Tank Top', 'H14698', 'NFL-TCC-S', 'Adidas', 40.00, 500, 2, '0000-00-00 00:00:00', '0000-00-00 00:00:00', '0000-00-00 00:00:00'),
(153, 'adidas Sportswear Future Icons Logo Graphic Tee', 'H39753', 'STF-LKJ-S', 'Adidas', 160.00, 500, 2, '0000-00-00 00:00:00', '0000-00-00 00:00:00', '0000-00-00 00:00:00'),
(154, 'FutureNatural Shoes', 'GX5152', 'PSG-Str-S', 'Adidas', 150.00, 500, 2, '0000-00-00 00:00:00', '0000-00-00 00:00:00', '0000-00-00 00:00:00'),
(155, 'Marvel Superhero Racer TR 2.0 Shoes', 'H04458', 'CTA-2223-S', 'Adidas', 89.97, 500, 2, '0000-00-00 00:00:00', '0000-00-00 00:00:00', '0000-00-00 00:00:00'),
(156, 'Primegreen Essentials Warm-Up Slim 3-Stripes Track Jacket', 'H48444', 'NFL-TL-S', 'Adidas', 18.97, 500, 2, '0000-00-00 00:00:00', '0000-00-00 00:00:00', '0000-00-00 00:00:00'),
(157, 'Sherpa Jacket', 'HG6676', 'NSS-Panda-S', 'Adidas', 18.00, 500, 2, '0000-00-00 00:00:00', '0000-00-00 00:00:00', '0000-00-00 00:00:00'),
(158, 'Sherpa Jacket', 'HG6677', 'DF-OneLuxe-M', 'Adidas', 13.97, 500, 2, '0000-00-00 00:00:00', '0000-00-00 00:00:00', '0000-00-00 00:00:00'),
(159, 'Yoga Pants', 'GU3945', 'PSG-AWF-S', 'Adidas', 69.97, 500, 2, '0000-00-00 00:00:00', '0000-00-00 00:00:00', '0000-00-00 00:00:00'),
(160, 'AEROREADY Designed 2 Move Feelready Sport Long Sleeve Tee', 'H30296', 'NFL-MD-S', 'Adidas', 85.00, 500, 2, '0000-00-00 00:00:00', '0000-00-00 00:00:00', '0000-00-00 00:00:00'),
(161, 'Essentials French Terry 3-Stripes Hoodie', 'GK9081', 'KPK-IE-S', 'Adidas', 76.97, 500, 2, '0000-00-00 00:00:00', '0000-00-00 00:00:00', '0000-00-00 00:00:00'),
(162, 'Fluidflash Shoes', 'GY5019', 'NC1-S', 'Adidas', 90.00, 500, 2, '0000-00-00 00:00:00', '0000-00-00 00:00:00', '0000-00-00 00:00:00'),
(163, 'Essentials Slim Logo Shorts', 'GM5537', 'NK-SW-S', 'Adidas', 115.00, 500, 2, '0000-00-00 00:00:00', '0000-00-00 00:00:00', '0000-00-00 00:00:00'),
(164, 'Essentials 3-Stripes Crop Top', 'GS1343', 'NFL-TCC-S', 'Adidas', 135.00, 500, 2, '0000-00-00 00:00:00', '0000-00-00 00:00:00', '0000-00-00 00:00:00'),
(165, 'ZX 2K Boost Shoes', 'GV7380', 'STF-LKJ-S', 'Adidas', 26.97, 500, 2, '0000-00-00 00:00:00', '0000-00-00 00:00:00', '0000-00-00 00:00:00'),
(166, 'Lite Racer BYD 2.0 Shoes', 'GZ8211', 'PSG-Str-S', 'Adidas', 36.00, 500, 2, '0000-00-00 00:00:00', '0000-00-00 00:00:00', '0000-00-00 00:00:00'),
(167, 'Essentials 3-Stripes Full-Zip Hoodie', 'H07839', 'CTA-2223-S', 'Adidas', 85.00, 500, 2, '0000-00-00 00:00:00', '0000-00-00 00:00:00', '0000-00-00 00:00:00'),
(168, 'ZX 2K Boost 2.0 Shoes', 'GZ7823', 'NFL-TL-S', 'Adidas', 119.97, 500, 2, '0000-00-00 00:00:00', '0000-00-00 00:00:00', '0000-00-00 00:00:00'),
(169, 'Racer TR21 Shoes', 'H00652', 'NSS-Panda-S', 'Adidas', 33.97, 500, 2, '0000-00-00 00:00:00', '0000-00-00 00:00:00', '0000-00-00 00:00:00'),
(170, 'Aeromotion Pants', 'H29175', 'DF-OneLuxe-M', 'Adidas', 40.00, 500, 2, '0000-00-00 00:00:00', '0000-00-00 00:00:00', '0000-00-00 00:00:00'),
(171, 'ZX 2K Boost 2.0 Shoes', 'GZ9087', 'PSG-AWF-S', 'Adidas', 34.97, 500, 2, '0000-00-00 00:00:00', '0000-00-00 00:00:00', '0000-00-00 00:00:00'),
(172, 'Crew Sweatshirt', 'HG6687', 'NFL-MD-S', 'Adidas', 119.97, 500, 2, '0000-00-00 00:00:00', '0000-00-00 00:00:00', '0000-00-00 00:00:00'),
(173, 'Allover Print Camo Shorts and Tee Set', 'H20302', 'KPK-IE-S', 'Adidas', 100.00, 500, 2, '0000-00-00 00:00:00', '0000-00-00 00:00:00', '0000-00-00 00:00:00'),
(174, 'Marimekko Believe This Primegreen AEROREADY Training Bra', 'GV2043', 'NC1-S', 'Adidas', 100.00, 500, 2, '0000-00-00 00:00:00', '0000-00-00 00:00:00', '0000-00-00 00:00:00'),
(175, 'Brand Love Repeat Logo High-Waist Woven Pants', 'GS1355', 'NK-SW-S', 'Adidas', 34.97, 500, 2, '0000-00-00 00:00:00', '0000-00-00 00:00:00', '0000-00-00 00:00:00'),
(176, 'adidas x Zoe Saldana Feelbrilliant AEROREADY 3/4 Printed Sport Tights', 'GS3913', 'NFL-TCC-S', 'Adidas', 75.00, 500, 2, '0000-00-00 00:00:00', '0000-00-00 00:00:00', '0000-00-00 00:00:00'),
(177, 'Brand Love Repeat Logo High-Waist Woven Pants', 'H10244', 'STF-LKJ-S', 'Adidas', 65.00, 500, 2, '0000-00-00 00:00:00', '0000-00-00 00:00:00', '0000-00-00 00:00:00'),
(178, 'ZX 2K Boost 2.0 Shoes', 'GZ7826', 'PSG-Str-S', 'Adidas', 35.00, 500, 2, '0000-00-00 00:00:00', '0000-00-00 00:00:00', '0000-00-00 00:00:00'),
(179, '3-Stripes Low Cut Socks 3 Pairs', 'EX6581', 'CTA-2223-S', 'Adidas', 24.97, 500, 2, '0000-00-00 00:00:00', '0000-00-00 00:00:00', '0000-00-00 00:00:00'),
(180, 'Future Icons 3-Stripes Tapered-Leg Pants', 'H07368', 'NFL-TL-S', 'Adidas', 140.00, 500, 2, '0000-00-00 00:00:00', '0000-00-00 00:00:00', '0000-00-00 00:00:00'),
(181, 'HEAT.RDY Warrior Tee', 'GU0680', 'NSS-Panda-S', 'Adidas', 130.00, 500, 2, '0000-00-00 00:00:00', '0000-00-00 00:00:00', '0000-00-00 00:00:00'),
(182, 'ZX 2K Boost 2.0 Shoes', 'GY3494', 'DF-OneLuxe-M', 'Adidas', 36.97, 500, 2, '0000-00-00 00:00:00', '0000-00-00 00:00:00', '0000-00-00 00:00:00'),
(183, 'ZX 2K Boost Pure Shoes', 'GZ7730', 'PSG-AWF-S', 'Adidas', 21.97, 500, 2, '0000-00-00 00:00:00', '0000-00-00 00:00:00', '0000-00-00 00:00:00'),
(184, 'Racer TR21 Shoes', 'H00647', 'NFL-MD-S', 'Adidas', 12.00, 500, 2, '0000-00-00 00:00:00', '0000-00-00 00:00:00', '0000-00-00 00:00:00'),
(185, 'EQ21 Run Shoes', 'H68075', 'KPK-IE-S', 'Adidas', 15.97, 500, 2, '0000-00-00 00:00:00', '0000-00-00 00:00:00', '0000-00-00 00:00:00'),
(186, 'Racer TR21 Shoes', 'GV7386', 'NC1-S', 'Adidas', 30.00, 500, 2, '0000-00-00 00:00:00', '0000-00-00 00:00:00', '0000-00-00 00:00:00'),
(187, 'Delpala x FMF Shoes', 'H02584', 'NK-SW-S', 'Adidas', 26.97, 500, 2, '0000-00-00 00:00:00', '0000-00-00 00:00:00', '0000-00-00 00:00:00'),
(188, 'ZX 1K Boost Shoes', 'H68719', 'NFL-TCC-S', 'Adidas', 78.97, 500, 2, '0000-00-00 00:00:00', '0000-00-00 00:00:00', '0000-00-00 00:00:00'),
(189, 'ZX 1K Boost Shoes', 'G58922', 'STF-LKJ-S', 'Adidas', 38.97, 500, 2, '0000-00-00 00:00:00', '0000-00-00 00:00:00', '0000-00-00 00:00:00'),
(190, 'Puremotion Shoes', 'H00586', 'PSG-Str-S', 'Adidas', 35.00, 500, 2, '0000-00-00 00:00:00', '0000-00-00 00:00:00', '0000-00-00 00:00:00'),
(191, 'ZX 2K Boost 2.0 Shoes', 'GZ7824', 'CTA-2223-S', 'Adidas', 35.00, 500, 2, '0000-00-00 00:00:00', '0000-00-00 00:00:00', '0000-00-00 00:00:00'),
(192, 'ZX 2K Boost 2.0 Shoes', 'GZ7825', 'NFL-TL-S', 'Adidas', 24.97, 500, 2, '0000-00-00 00:00:00', '0000-00-00 00:00:00', '0000-00-00 00:00:00'),
(193, 'ZX 1K Boost Shoes', 'H02939', 'NSS-Panda-S', 'Adidas', 30.97, 500, 2, '0000-00-00 00:00:00', '0000-00-00 00:00:00', '0000-00-00 00:00:00'),
(194, 'ZX 1K Boost Shoes', 'H00430', 'DF-OneLuxe-M', 'Adidas', 45.00, 500, 2, '0000-00-00 00:00:00', '0000-00-00 00:00:00', '0000-00-00 00:00:00'),
(195, 'ZX 1K Boost Shoes', 'FX6515', 'PSG-AWF-S', 'Adidas', 110.00, 500, 2, '0000-00-00 00:00:00', '0000-00-00 00:00:00', '0000-00-00 00:00:00'),
(196, 'ZX 1K Boost Shoes', 'H00428', 'NFL-MD-S', 'Adidas', 12.97, 500, 2, '0000-00-00 00:00:00', '0000-00-00 00:00:00', '0000-00-00 00:00:00'),
(197, 'ZX 1K Boost Shoes', 'H02937', 'KPK-IE-S', 'Adidas', 58.00, 500, 2, '0000-00-00 00:00:00', '0000-00-00 00:00:00', '0000-00-00 00:00:00'),
(198, 'ZX 1K Boost Shoes', 'H02936', 'NC1-S', 'Adidas', 95.00, 500, 2, '0000-00-00 00:00:00', '0000-00-00 00:00:00', '0000-00-00 00:00:00'),
(199, 'Grand Court Shoes', 'H02554', 'NK-SW-S', 'Adidas', 175.00, 500, 2, '0000-00-00 00:00:00', '0000-00-00 00:00:00', '0000-00-00 00:00:00'),
(200, 'Marathon 20 Shorts', 'GK5265', 'NFL-TCC-S', 'Adidas', 9.97, 500, 2, '0000-00-00 00:00:00', '0000-00-00 00:00:00', '0000-00-00 00:00:00'),
(201, 'ZX 1K Boost Shoes', 'GZ9173', 'STF-LKJ-S', 'Adidas', 92.97, 500, 2, '0000-00-00 00:00:00', '0000-00-00 00:00:00', '0000-00-00 00:00:00'),
(202, 'Multix Shoes', 'H04498', 'PSG-Str-S', 'Adidas', 40.00, 500, 2, '0000-00-00 00:00:00', '0000-00-00 00:00:00', '0000-00-00 00:00:00'),
(203, 'X9000L3 Shoes', 'S23688', 'CTA-2223-S', 'Adidas', 48.00, 500, 2, '0000-00-00 00:00:00', '0000-00-00 00:00:00', '0000-00-00 00:00:00'),
(204, 'Marathon 20 Shorts', 'H31065', 'NFL-TL-S', 'Adidas', 53.97, 500, 2, '0000-00-00 00:00:00', '0000-00-00 00:00:00', '0000-00-00 00:00:00'),
(205, 'Multix Shoes', 'H02975', 'NSS-Panda-S', 'Adidas', 35.00, 500, 2, '0000-00-00 00:00:00', '0000-00-00 00:00:00', '0000-00-00 00:00:00'),
(206, 'LOUNGEWEAR Adicolor Essentials Tee', 'H06648', 'DF-OneLuxe-M', 'Adidas', 65.00, 500, 2, '0000-00-00 00:00:00', '0000-00-00 00:00:00', '0000-00-00 00:00:00'),
(207, 'Ultralight Allover Graphic Crew Performance Socks', 'GH7532', 'PSG-AWF-S', 'Adidas', 80.00, 500, 2, '0000-00-00 00:00:00', '0000-00-00 00:00:00', '0000-00-00 00:00:00'),
(208, 'Ultimate365 Core 8.5-Inch Shorts', 'GM0307', 'NFL-MD-S', 'Adidas', 50.00, 500, 2, '0000-00-00 00:00:00', '0000-00-00 00:00:00', '0000-00-00 00:00:00'),
(209, 'Adicolor Classics 3-Stripes Crew Sweatshirt', 'H06672', 'KPK-IE-S', 'Adidas', 75.00, 500, 2, '0000-00-00 00:00:00', '0000-00-00 00:00:00', '0000-00-00 00:00:00'),
(210, 'AEROREADY Designed 2 Move Sport Stretch Tee', 'H13911', 'NC1-S', 'Adidas', 135.00, 500, 2, '0000-00-00 00:00:00', '0000-00-00 00:00:00', '0000-00-00 00:00:00'),
(211, '4ATHLTS ID Duffel Bag Small', 'GL0880', 'NK-SW-S', 'Adidas', 15.97, 500, 2, '0000-00-00 00:00:00', '0000-00-00 00:00:00', '0000-00-00 00:00:00'),
(212, 'LOUNGEWEAR Essentials Logo Fleece Hoodie', 'H07890', 'NFL-TCC-S', 'Adidas', 60.00, 500, 2, '0000-00-00 00:00:00', '0000-00-00 00:00:00', '0000-00-00 00:00:00'),
(213, 'Running Ultralight Crew Performance Socks', 'GU6982', 'STF-LKJ-S', 'Adidas', 31.97, 500, 2, '0000-00-00 00:00:00', '0000-00-00 00:00:00', '0000-00-00 00:00:00'),
(214, 'Running Ultralight Crew Performance Socks', 'GI7670', 'PSG-Str-S', 'Adidas', 45.00, 500, 2, '0000-00-00 00:00:00', '0000-00-00 00:00:00', '0000-00-00 00:00:00'),
(215, 'Finale 21 20th Anniversary UCL Mini Ball', 'GK3479', 'CTA-2223-S', 'Adidas', 63.97, 500, 2, '0000-00-00 00:00:00', '0000-00-00 00:00:00', '0000-00-00 00:00:00'),
(216, 'HER Studio London Track Jacket', 'GN3533', 'NFL-TL-S', 'Adidas', 40.00, 500, 2, '0000-00-00 00:00:00', '0000-00-00 00:00:00', '0000-00-00 00:00:00'),
(217, 'Warp knit Cargo Pants', 'GM3494', 'NSS-Panda-S', 'Adidas', 28.00, 500, 2, '0000-00-00 00:00:00', '0000-00-00 00:00:00', '0000-00-00 00:00:00'),
(218, 'Essentials 3-Stripes Cropped Hoodie', 'H10149', 'DF-OneLuxe-M', 'Adidas', 85.97, 500, 2, '0000-00-00 00:00:00', '0000-00-00 00:00:00', '0000-00-00 00:00:00'),
(219, 'Marathon Running Jacket (Plus Size)', 'H29918', 'PSG-AWF-S', 'Adidas', 34.97, 500, 2, '0000-00-00 00:00:00', '0000-00-00 00:00:00', '0000-00-00 00:00:00'),
(220, 'SAMBAROSE Shoes', 'GX2893', 'NFL-MD-S', 'Adidas', 76.97, 500, 2, '0000-00-00 00:00:00', '0000-00-00 00:00:00', '0000-00-00 00:00:00'),
(221, 'SAMBAROSE Shoes', 'GX2894', 'KPK-IE-S', 'Adidas', 30.00, 500, 2, '0000-00-00 00:00:00', '0000-00-00 00:00:00', '0000-00-00 00:00:00'),
(222, 'AEROREADY Designed 2 Move Sport Tee', 'GS8797', 'NC1-S', 'Adidas', 40.00, 500, 2, '0000-00-00 00:00:00', '0000-00-00 00:00:00', '0000-00-00 00:00:00'),
(223, 'Designed 2 Move 7/8 Sport Tights (Maternity)', 'GT0140', 'NK-SW-S', 'Adidas', 30.00, 500, 2, '0000-00-00 00:00:00', '0000-00-00 00:00:00', '0000-00-00 00:00:00'),
(224, 'Adilette Comfort Slides', 'GV9740', 'NFL-TCC-S', 'Adidas', 85.00, 500, 2, '0000-00-00 00:00:00', '0000-00-00 00:00:00', '0000-00-00 00:00:00'),
(225, 'Adilette Comfort Slides', 'GV9738', 'STF-LKJ-S', 'Adidas', 36.97, 500, 2, '0000-00-00 00:00:00', '0000-00-00 00:00:00', '0000-00-00 00:00:00'),
(226, 'Essentials Mélange Embroidered Small Logo Hoodie', 'H12197', 'PSG-Str-S', 'Adidas', 80.00, 500, 2, '0000-00-00 00:00:00', '0000-00-00 00:00:00', '0000-00-00 00:00:00'),
(227, 'Adilette Comfort Slides', 'GZ2915', 'CTA-2223-S', 'Adidas', 115.00, 500, 2, '0000-00-00 00:00:00', '0000-00-00 00:00:00', '0000-00-00 00:00:00'),
(228, 'adidas Sportswear Future Icons Logo Graphic Pants', 'H39799', 'NFL-TL-S', 'Adidas', 28.00, 500, 2, '0000-00-00 00:00:00', '0000-00-00 00:00:00', '0000-00-00 00:00:00'),
(229, 'LOUNGEWEAR Essentials Logo Tee', 'GL0649', 'NSS-Panda-S', 'Adidas', 22.97, 500, 2, '0000-00-00 00:00:00', '0000-00-00 00:00:00', '0000-00-00 00:00:00'),
(230, 'Classic 3-Stripes Swim Shorts', 'GQ1095', 'DF-OneLuxe-M', 'Adidas', 28.00, 500, 2, '0000-00-00 00:00:00', '0000-00-00 00:00:00', '0000-00-00 00:00:00'),
(231, 'Designed 2 Move 7/8 Sport Tights (Maternity)', 'GL3961', 'PSG-AWF-S', 'Adidas', 90.00, 500, 2, '0000-00-00 00:00:00', '0000-00-00 00:00:00', '0000-00-00 00:00:00'),
(232, 'adidas Sportswear Future Icons 3-Stripes Tee', 'H39784', 'NFL-MD-S', 'Adidas', 37.97, 500, 2, '0000-00-00 00:00:00', '0000-00-00 00:00:00', '0000-00-00 00:00:00'),
(233, 'LOUNGEWEAR Tights', 'GN8269', 'KPK-IE-S', 'Adidas', 40.00, 500, 2, '0000-00-00 00:00:00', '0000-00-00 00:00:00', '0000-00-00 00:00:00'),
(234, 'adidas Sportswear W.N.D. Windbreaker', 'H40972', 'NC1-S', 'Adidas', 45.00, 500, 2, '0000-00-00 00:00:00', '0000-00-00 00:00:00', '0000-00-00 00:00:00'),
(235, 'Classic 3-Stripes Swim Shorts', 'GU0325', 'NK-SW-S', 'Adidas', 10.97, 500, 2, '0000-00-00 00:00:00', '0000-00-00 00:00:00', '0000-00-00 00:00:00'),
(236, 'adidas Sportswear Future Icons Logo Graphic Tee', 'H39751', 'NFL-TCC-S', 'Adidas', 55.97, 500, 2, '0000-00-00 00:00:00', '0000-00-00 00:00:00', '0000-00-00 00:00:00'),
(237, 'adidas Sportswear Future Icons Logo Graphic Tee', 'HA7682', 'STF-LKJ-S', 'Adidas', 32.97, 500, 2, '0000-00-00 00:00:00', '0000-00-00 00:00:00', '0000-00-00 00:00:00'),
(238, 'adidas Sportswear Future Icons 3-Stripes Hoodie', 'H39778', 'PSG-Str-S', 'Adidas', 165.00, 500, 2, '0000-00-00 00:00:00', '0000-00-00 00:00:00', '0000-00-00 00:00:00'),
(239, 'AEROREADY Warrior Tee', 'H33318', 'CTA-2223-S', 'Adidas', 50.00, 500, 2, '0000-00-00 00:00:00', '0000-00-00 00:00:00', '0000-00-00 00:00:00'),
(240, 'adidas Sportswear Future Icons Logo Graphic Tee', 'H39752', 'NFL-TL-S', 'Adidas', 75.00, 500, 2, '0000-00-00 00:00:00', '0000-00-00 00:00:00', '0000-00-00 00:00:00'),
(241, 'adidas Sportswear Future Icons Logo Graphic Pants', 'H39796', 'NSS-Panda-S', 'Adidas', 160.00, 500, 2, '0000-00-00 00:00:00', '0000-00-00 00:00:00', '0000-00-00 00:00:00'),
(242, 'adidas Sportswear Future Icons 3-Stripes Hoodie', 'GR4086', 'DF-OneLuxe-M', 'Adidas', 35.00, 500, 2, '0000-00-00 00:00:00', '0000-00-00 00:00:00', '0000-00-00 00:00:00'),
(243, 'AEROREADY Warrior Tee', 'H33317', 'DF-Team-Navy-S', 'Adidas', 40.00, 500, 2, '0000-00-00 00:00:00', '0000-00-00 00:00:00', '0000-00-00 00:00:00'),
(244, 'Adilette Comfort Slides', 'GZ2916', 'DF-Team-Navy-M', 'Adidas', 40.00, 500, 2, '0000-00-00 00:00:00', '0000-00-00 00:00:00', '0000-00-00 00:00:00'),
(245, 'adidas Sportswear Future Icons 3-Stripes Pants', 'H39779', 'DF-Team-Navy-L', 'Adidas', 40.00, 500, 2, '0000-00-00 00:00:00', '0000-00-00 00:00:00', '0000-00-00 00:00:00'),
(246, 'adidas Sportswear Future Icons 3-Stripes Shorts', 'GR4097', 'CA-White-S', 'Adidas', 90.00, 500, 2, '0000-00-00 00:00:00', '0000-00-00 00:00:00', '0000-00-00 00:00:00'),
(247, 'adidas Sportswear Future Icons 3-Stripes Tee', 'H39793', 'CA-White-M', 'Adidas', 90.00, 500, 2, '0000-00-00 00:00:00', '0000-00-00 00:00:00', '0000-00-00 00:00:00'),
(248, 'Classic 3-Stripes Swim Shorts', 'GU0324', 'CA-Black-S', 'Adidas', 90.00, 500, 2, '0000-00-00 00:00:00', '0000-00-00 00:00:00', '0000-00-00 00:00:00'),
(249, 'adidas Sportswear Future Icons Logo Graphic Hoodie', 'GR4106', 'CA-Black-M', 'Adidas', 90.00, 500, 2, '0000-00-00 00:00:00', '0000-00-00 00:00:00', '0000-00-00 00:00:00'),
(250, 'Adilette Comfort Slides', 'GV9739', 'CA-Black-L', 'Adidas', 90.00, 500, 2, '0000-00-00 00:00:00', '0000-00-00 00:00:00', '0000-00-00 00:00:00'),
(251, 'Adilette Comfort Slides', 'GZ2914', 'CA-NavyStripe-S', 'Adidas', 90.00, 500, 2, '0000-00-00 00:00:00', '0000-00-00 00:00:00', '0000-00-00 00:00:00'),
(252, 'adidas Sportswear Future Icons 3-Stripes Shorts', 'H39790', 'CA-NavyStripe-M', 'Adidas', 90.00, 500, 2, '0000-00-00 00:00:00', '0000-00-00 00:00:00', '0000-00-00 00:00:00'),
(253, 'adidas Sportswear Future Icons Logo Graphic Tee', 'H39749', 'CA-NavyStripe-L', 'Adidas', 90.00, 500, 2, '0000-00-00 00:00:00', '0000-00-00 00:00:00', '0000-00-00 00:00:00'),
(254, 'Hamburg Shoes', 'H06605', 'NSS-Panda-S', 'Adidas', 140.00, 500, 2, '0000-00-00 00:00:00', '0000-00-00 00:00:00', '0000-00-00 00:00:00'),
(255, 'adidas Sportswear Future Icons Logo Graphic Hoodie', 'GU8969', 'DF-OneLuxe-M', 'Adidas', 22.97, 500, 2, '0000-00-00 00:00:00', '0000-00-00 00:00:00', '0000-00-00 00:00:00'),
(256, 'adidas Sportswear Future Icons 3-Stripes Hoodie', 'H39781', 'PSG-AWF-S', 'Adidas', 70.00, 500, 2, '0000-00-00 00:00:00', '0000-00-00 00:00:00', '0000-00-00 00:00:00'),
(257, 'Ultraboost Slip-On DNA Shoes', 'H02815', 'NFL-MD-S', 'Adidas', 130.00, 500, 2, '0000-00-00 00:00:00', '0000-00-00 00:00:00', '0000-00-00 00:00:00'),
(258, 'Bryony Shoes', 'H04641', 'KPK-IE-S', 'Adidas', 104.99, 500, 2, '0000-00-00 00:00:00', '0000-00-00 00:00:00', '0000-00-00 00:00:00'),
(259, 'Racer TR21 Shoes', 'GZ8185', 'NC1-S', 'Adidas', 18.97, 500, 2, '0000-00-00 00:00:00', '0000-00-00 00:00:00', '0000-00-00 00:00:00'),
(260, 'Racer TR21 Shoes', 'GZ8184', 'NK-SW-S', 'Adidas', 28.97, 500, 2, '0000-00-00 00:00:00', '0000-00-00 00:00:00', '0000-00-00 00:00:00'),
(261, 'ZX 2K Boost Shoes', 'FX6530', 'NFL-TCC-S', 'Adidas', 85.00, 500, 2, '0000-00-00 00:00:00', '0000-00-00 00:00:00', '0000-00-00 00:00:00'),
(262, 'Cloudfoam Pure 2.0  Shoes', 'H04756', 'STF-LKJ-S', 'Adidas', 45.97, 500, 2, '0000-00-00 00:00:00', '0000-00-00 00:00:00', '0000-00-00 00:00:00'),
(263, 'Bryony Shoes', 'H04642', 'PSG-Str-S', 'Adidas', 45.00, 500, 2, '0000-00-00 00:00:00', '0000-00-00 00:00:00', '0000-00-00 00:00:00'),
(264, 'Cloudfoam Pure 2.0  Shoes', 'H00948', 'CTA-2223-S', 'Adidas', 95.00, 500, 2, '0000-00-00 00:00:00', '0000-00-00 00:00:00', '0000-00-00 00:00:00'),
(265, 'Bryony Shoes', 'Q46111', 'NFL-TL-S', 'Adidas', 95.00, 500, 2, '0000-00-00 00:00:00', '0000-00-00 00:00:00', '0000-00-00 00:00:00'),
(266, 'Cloudfoam Pure 2.0  Shoes', 'H00945', 'NSS-Panda-S', 'Adidas', 45.00, 500, 2, '0000-00-00 00:00:00', '0000-00-00 00:00:00', '0000-00-00 00:00:00'),
(267, 'Pureboost 21 Shoes', 'GY5100', 'DF-OneLuxe-M', 'Adidas', 30.00, 500, 2, '0000-00-00 00:00:00', '0000-00-00 00:00:00', '0000-00-00 00:00:00'),
(268, 'Postmove Shoes', 'H00465', 'PSG-AWF-S', 'Adidas', 40.97, 500, 2, '0000-00-00 00:00:00', '0000-00-00 00:00:00', '0000-00-00 00:00:00'),
(269, 'Ozelia Shoes', 'GX3667', 'NFL-MD-S', 'Adidas', 52.00, 500, 2, '0000-00-00 00:00:00', '0000-00-00 00:00:00', '0000-00-00 00:00:00'),
(270, 'HER Studio London Adilette Slides', 'H00569', 'KPK-IE-S', 'Adidas', 21.97, 500, 2, '0000-00-00 00:00:00', '0000-00-00 00:00:00', '0000-00-00 00:00:00'),
(271, 'Cloudfoam Pure 2.0  Shoes', 'GV7307', 'NC1-S', 'Adidas', 55.00, 500, 2, '0000-00-00 00:00:00', '0000-00-00 00:00:00', '0000-00-00 00:00:00'),
(272, 'Adilette Slides', 'GV7757', 'NK-SW-S', 'Adidas', 21.97, 500, 2, '0000-00-00 00:00:00', '0000-00-00 00:00:00', '0000-00-00 00:00:00'),
(273, 'Ozelia Shoes', 'GX3631', 'NFL-TCC-S', 'Adidas', 40.00, 500, 2, '0000-00-00 00:00:00', '0000-00-00 00:00:00', '0000-00-00 00:00:00'),
(274, 'Pureboost 21 Shoes', 'GY5099', 'STF-LKJ-S', 'Adidas', 160.00, 500, 2, '0000-00-00 00:00:00', '0000-00-00 00:00:00', '0000-00-00 00:00:00'),
(275, 'Adilette Slides', 'H00141', 'PSG-Str-S', 'Adidas', 150.00, 500, 2, '0000-00-00 00:00:00', '0000-00-00 00:00:00', '0000-00-00 00:00:00'),
(276, 'Marimekko Adilette Slides', 'GW7536', 'CTA-2223-S', 'Adidas', 89.97, 500, 2, '0000-00-00 00:00:00', '0000-00-00 00:00:00', '0000-00-00 00:00:00'),
(277, 'Adilette Slides', 'FX5923', 'NFL-TL-S', 'Adidas', 18.97, 500, 2, '0000-00-00 00:00:00', '0000-00-00 00:00:00', '0000-00-00 00:00:00'),
(278, 'Ozelia Shoes', 'H04248', 'NSS-Panda-S', 'Adidas', 18.00, 500, 2, '0000-00-00 00:00:00', '0000-00-00 00:00:00', '0000-00-00 00:00:00'),
(279, 'ZX 2K Boost 2.0 Shoes', 'GZ7745', 'DF-OneLuxe-M', 'Adidas', 13.97, 500, 2, '0000-00-00 00:00:00', '0000-00-00 00:00:00', '0000-00-00 00:00:00'),
(280, 'ZX 2K Boost 2.0 Shoes', 'GZ7734', 'PSG-AWF-S', 'Adidas', 69.97, 500, 2, '0000-00-00 00:00:00', '0000-00-00 00:00:00', '0000-00-00 00:00:00'),
(281, 'Badge of Sport Classic Tee (Plus size)', 'HA3053', 'NFL-MD-S', 'Adidas', 85.00, 500, 2, '0000-00-00 00:00:00', '0000-00-00 00:00:00', '0000-00-00 00:00:00'),
(282, 'ZX 2K Boost 2.0 Shoes', 'GY8283', 'KPK-IE-S', 'Adidas', 76.97, 500, 2, '0000-00-00 00:00:00', '0000-00-00 00:00:00', '0000-00-00 00:00:00'),
(283, 'Fleece Sweatshirt', 'S97358', 'NC1-S', 'Adidas', 90.00, 500, 2, '0000-00-00 00:00:00', '0000-00-00 00:00:00', '0000-00-00 00:00:00'),
(284, 'Hyperglam Crop Crew Sweatshirt', 'HE9397', 'NK-SW-S', 'Adidas', 115.00, 500, 2, '0000-00-00 00:00:00', '0000-00-00 00:00:00', '0000-00-00 00:00:00'),
(285, 'Swift X Shoes', 'GX8386', 'NFL-TCC-S', 'Adidas', 135.00, 500, 2, '0000-00-00 00:00:00', '0000-00-00 00:00:00', '0000-00-00 00:00:00'),
(286, 'Hyperglam Crop Crew Sweatshirt', 'HF4154', 'STF-LKJ-S', 'Adidas', 26.97, 500, 2, '0000-00-00 00:00:00', '0000-00-00 00:00:00', '0000-00-00 00:00:00'),
(287, 'Adilette Slides', 'H00142', 'PSG-Str-S', 'Adidas', 36.00, 500, 2, '0000-00-00 00:00:00', '0000-00-00 00:00:00', '0000-00-00 00:00:00'),
(288, 'Swift X Shoes', 'GX8387', 'CTA-2223-S', 'Adidas', 85.00, 500, 2, '0000-00-00 00:00:00', '0000-00-00 00:00:00', '0000-00-00 00:00:00'),
(289, 'ZX 2K Boost 2.0 Shoes', 'GZ7733', 'NFL-TL-S', 'Adidas', 119.97, 500, 2, '0000-00-00 00:00:00', '0000-00-00 00:00:00', '0000-00-00 00:00:00'),
(290, 'adidas Sportswear Comfy & Chill Full Zip Hoodie', 'H45371', 'NSS-Panda-S', 'Adidas', 33.97, 500, 2, '0000-00-00 00:00:00', '0000-00-00 00:00:00', '0000-00-00 00:00:00'),
(291, 'adidas Sportswear Seasonals Stadium Shorts', 'H47892', 'DF-OneLuxe-M', 'Adidas', 40.00, 500, 2, '0000-00-00 00:00:00', '0000-00-00 00:00:00', '0000-00-00 00:00:00'),
(292, 'adidas Sportswear Future Icons Camo Graphic Sweatshirt', 'HA5836', 'PSG-AWF-S', 'Adidas', 34.97, 500, 2, '0000-00-00 00:00:00', '0000-00-00 00:00:00', '0000-00-00 00:00:00'),
(293, 'EQ21 Run Shoes', 'H00541', 'NFL-MD-S', 'Adidas', 119.97, 500, 2, '0000-00-00 00:00:00', '0000-00-00 00:00:00', '0000-00-00 00:00:00'),
(294, 'Badge of Sport Classic Tee (Plus size)', 'HA3052', 'KPK-IE-S', 'Adidas', 100.00, 500, 2, '0000-00-00 00:00:00', '0000-00-00 00:00:00', '0000-00-00 00:00:00'),
(295, 'EQ21 Run Shoes', 'GW8086', 'NC1-S', 'Adidas', 100.00, 500, 2, '0000-00-00 00:00:00', '0000-00-00 00:00:00', '0000-00-00 00:00:00'),
(296, 'adidas Sportswear Comfy & Chill Full Zip Hoodie', 'H45369', 'NK-SW-S', 'Adidas', 34.97, 500, 2, '0000-00-00 00:00:00', '0000-00-00 00:00:00', '0000-00-00 00:00:00'),
(297, 'Predators Long Sleeve Tee', 'H44967', 'NFL-TCC-S', 'Adidas', 75.00, 500, 2, '0000-00-00 00:00:00', '0000-00-00 00:00:00', '0000-00-00 00:00:00'),
(298, 'EQ21 Run Shoes', 'H00538', 'STF-LKJ-S', 'Adidas', 65.00, 500, 2, '0000-00-00 00:00:00', '0000-00-00 00:00:00', '0000-00-00 00:00:00'),
(299, 'adidas Equipment Tiro Track Pants', 'HA2442', 'PSG-Str-S', 'Adidas', 35.00, 500, 2, '0000-00-00 00:00:00', '0000-00-00 00:00:00', '0000-00-00 00:00:00'),
(300, 'Badge of Sport Classic Tee (Plus size)', 'HA3054', 'CTA-2223-S', 'Adidas', 24.97, 500, 2, '0000-00-00 00:00:00', '0000-00-00 00:00:00', '0000-00-00 00:00:00'),
(301, 'Fold-Cuff Crew Socks 3 Pairs', 'H32387', 'NFL-TL-S', 'Adidas', 140.00, 500, 2, '0000-00-00 00:00:00', '0000-00-00 00:00:00', '0000-00-00 00:00:00'),
(302, 'Fold-Cuff Crew Socks 3 Pairs', 'GN4894', 'NSS-Panda-S', 'Adidas', 130.00, 500, 2, '0000-00-00 00:00:00', '0000-00-00 00:00:00', '0000-00-00 00:00:00'),
(303, 'adidas x Zoe Saldana Feelbrilliant AEROREADY 7/8 Printed Sport Tights', 'GS3917', 'DF-OneLuxe-M', 'Adidas', 36.97, 500, 2, '0000-00-00 00:00:00', '0000-00-00 00:00:00', '0000-00-00 00:00:00'),
(304, 'adidas Sleek Shoes', 'H00474', 'PSG-AWF-S', 'Adidas', 21.97, 500, 2, '0000-00-00 00:00:00', '0000-00-00 00:00:00', '0000-00-00 00:00:00'),
(305, 'Marimekko Oversize Tee', 'H20475', 'NFL-MD-S', 'Adidas', 12.00, 500, 2, '0000-00-00 00:00:00', '0000-00-00 00:00:00', '0000-00-00 00:00:00'),
(306, 'Classic Waist Bag', 'GU0890', 'KPK-IE-S', 'Adidas', 15.97, 500, 2, '0000-00-00 00:00:00', '0000-00-00 00:00:00', '0000-00-00 00:00:00'),
(307, 'Cropped Letter Hoodie', 'H20233', 'NC1-S', 'Adidas', 30.00, 500, 2, '0000-00-00 00:00:00', '0000-00-00 00:00:00', '0000-00-00 00:00:00'),
(308, 'AEROREADY Designed to Move Sport Motion Logo Hoodie', 'H28797', 'NK-SW-S', 'Adidas', 26.97, 500, 2, '0000-00-00 00:00:00', '0000-00-00 00:00:00', '0000-00-00 00:00:00'),
(309, 'Tapuchips Honey Barbecue', '', 'TapuHoneyBBQ', 'Elite', 5.00, 500, 3, '0000-00-00 00:00:00', '0000-00-00 00:00:00', '0000-00-00 00:00:00'),
(310, 'Tapuchips Cheddar', '', 'TapuCheddar', 'Elite', 5.00, 500, 3, '0000-00-00 00:00:00', '0000-00-00 00:00:00', '0000-00-00 00:00:00'),
(311, 'Tapuchips Sour cream & Onion', '', 'TapuSourCreamOnion', 'Elite', 3.20, 500, 3, '0000-00-00 00:00:00', '0000-00-00 00:00:00', '0000-00-00 00:00:00'),
(312, 'Tapuchips Natural', '', 'TapuNatural', 'Elite', 3.00, 500, 3, '0000-00-00 00:00:00', '0000-00-00 00:00:00', '0000-00-00 00:00:00'),
(313, 'Tapuchips Mexican', '', 'TapuMexican', 'Elite', 3.10, 500, 3, '0000-00-00 00:00:00', '0000-00-00 00:00:00', '0000-00-00 00:00:00'),
(314, 'Tapuchips Salt & Vinegar', '', 'TapuSaltVinegar', 'Elite', 3.10, 500, 3, '0000-00-00 00:00:00', '0000-00-00 00:00:00', '0000-00-00 00:00:00'),
(315, 'Tapuchips Grill', '', 'TapuGrill', 'Elite', 3.30, 500, 3, '0000-00-00 00:00:00', '0000-00-00 00:00:00', '0000-00-00 00:00:00'),
(316, 'Tapuchips Pops', '', 'TapuPops', 'Elite', 3.40, 500, 3, '0000-00-00 00:00:00', '0000-00-00 00:00:00', '0000-00-00 00:00:00'),
(317, 'Doritos Natural', '', 'DoritosNatural', 'Elite', 3.50, 500, 3, '0000-00-00 00:00:00', '0000-00-00 00:00:00', '0000-00-00 00:00:00'),
(318, 'Doritos Sour Spicy', '', 'DoritosSourSpicy', 'Elite', 3.70, 500, 3, '0000-00-00 00:00:00', '0000-00-00 00:00:00', '0000-00-00 00:00:00'),
(319, 'Doritos Nacho', '', 'DoritosNacho', 'Elite', 3.50, 500, 3, '0000-00-00 00:00:00', '0000-00-00 00:00:00', '0000-00-00 00:00:00'),
(320, 'Doritos Spicy', '', 'DoritosSpicy', 'Elite', 3.50, 500, 3, '0000-00-00 00:00:00', '0000-00-00 00:00:00', '0000-00-00 00:00:00'),
(321, 'Doritos Grill', '', 'DoritosGrill', 'Elite', 3.60, 500, 3, '0000-00-00 00:00:00', '0000-00-00 00:00:00', '0000-00-00 00:00:00'),
(322, 'Cheetos Puff- Cheese', '', 'CheetosPuffCheese', 'Elite', 4.00, 500, 3, '0000-00-00 00:00:00', '0000-00-00 00:00:00', '0000-00-00 00:00:00'),
(323, 'Cheetos Crunch Cheese', '', 'CheetosChrunchCheese', 'Elite', 4.00, 500, 3, '0000-00-00 00:00:00', '0000-00-00 00:00:00', '0000-00-00 00:00:00'),
(324, 'Cheetos Ketchup- Kaffa', '', 'CheetosKetchup', 'Elite', 4.20, 500, 3, '0000-00-00 00:00:00', '0000-00-00 00:00:00', '0000-00-00 00:00:00'),
(325, 'Cheetos Pizza - X&O\'s', '', 'CheetosPizza', 'Elite', 4.60, 500, 3, '0000-00-00 00:00:00', '0000-00-00 00:00:00', '0000-00-00 00:00:00'),
(326, 'Haprichiot Hateimot Beets', '', 'HaprichiiotHateimotBeets', 'Energy', 6.00, 500, 3, '0000-00-00 00:00:00', '0000-00-00 00:00:00', '0000-00-00 00:00:00');
INSERT INTO `product` (`productID`, `prod_name`, `serial_no`, `SKU`, `brand`, `unit_price`, `quantity`, `storeID`, `date_in`, `date_out`, `time_updated`) VALUES
(327, 'Bamba Classic', '', 'BambaClassic', 'Osem', 5.00, 500, 3, '0000-00-00 00:00:00', '0000-00-00 00:00:00', '0000-00-00 00:00:00'),
(328, 'Bamba Pro', '', 'BambaPro', 'Osem', 5.00, 500, 3, '0000-00-00 00:00:00', '0000-00-00 00:00:00', '0000-00-00 00:00:00'),
(329, 'Bamba Nugat', '', 'BambaNugat', 'Osem', 3.20, 500, 3, '0000-00-00 00:00:00', '0000-00-00 00:00:00', '0000-00-00 00:00:00'),
(330, 'Bamba Halva', '', 'BambaHalva', 'Osem', 3.00, 500, 3, '0000-00-00 00:00:00', '0000-00-00 00:00:00', '0000-00-00 00:00:00'),
(331, 'Bamba Aduma', '', 'BambaAduma', 'Osem', 3.10, 500, 3, '0000-00-00 00:00:00', '0000-00-00 00:00:00', '0000-00-00 00:00:00'),
(332, 'Bamba Avririt', '', 'BambaAvririt', 'Osem', 3.10, 500, 3, '0000-00-00 00:00:00', '0000-00-00 00:00:00', '0000-00-00 00:00:00'),
(333, 'Bamba Bissli Bamba Mix', '', 'BissliBamba', 'Osem', 3.30, 500, 3, '0000-00-00 00:00:00', '0000-00-00 00:00:00', '0000-00-00 00:00:00'),
(334, 'Bissli Bissli Bamba Mix', '', 'BissliBamba', 'Osem', 3.40, 500, 3, '0000-00-00 00:00:00', '0000-00-00 00:00:00', '0000-00-00 00:00:00'),
(335, 'Chips Natural', '', 'ChipsNatural', 'Osem', 3.50, 500, 3, '0000-00-00 00:00:00', '0000-00-00 00:00:00', '0000-00-00 00:00:00'),
(336, 'Chips BBQ', '', 'ChipsBBQ', 'Osem', 3.70, 500, 3, '0000-00-00 00:00:00', '0000-00-00 00:00:00', '0000-00-00 00:00:00'),
(337, 'Chips Chili', '', 'ChipsChili', 'Osem', 3.50, 500, 3, '0000-00-00 00:00:00', '0000-00-00 00:00:00', '0000-00-00 00:00:00'),
(338, 'Bissli Grill', '', 'BissliGrill', 'Osem', 3.50, 500, 3, '0000-00-00 00:00:00', '0000-00-00 00:00:00', '0000-00-00 00:00:00'),
(339, 'Bissli Onion', '', 'BissliOnion', 'Osem', 3.60, 500, 3, '0000-00-00 00:00:00', '0000-00-00 00:00:00', '0000-00-00 00:00:00'),
(340, 'Bissli Party Mix', '', 'BissliParty', 'Osem', 4.00, 500, 3, '0000-00-00 00:00:00', '0000-00-00 00:00:00', '0000-00-00 00:00:00'),
(341, 'Bissli BBQ', '', 'BissliBBQ', 'Osem', 4.00, 500, 3, '0000-00-00 00:00:00', '0000-00-00 00:00:00', '0000-00-00 00:00:00'),
(342, 'Bissli Pizza', '', 'BissliPizza', 'Osem', 4.20, 500, 3, '0000-00-00 00:00:00', '0000-00-00 00:00:00', '0000-00-00 00:00:00'),
(343, 'Bissli Carnaval Mix', '', 'BissliCarnaval', 'Osem', 4.60, 500, 3, '0000-00-00 00:00:00', '0000-00-00 00:00:00', '0000-00-00 00:00:00'),
(344, 'Bissli Falafel', '', 'BissliFalafel', 'Osem', 6.00, 500, 3, '0000-00-00 00:00:00', '0000-00-00 00:00:00', '0000-00-00 00:00:00'),
(345, 'Dubonim Original', '', 'DubonimOri', 'Osem', 5.00, 500, 3, '0000-00-00 00:00:00', '0000-00-00 00:00:00', '0000-00-00 00:00:00'),
(346, 'Apropo Original', '', 'ApropoOri', 'Osem', 5.00, 500, 3, '0000-00-00 00:00:00', '0000-00-00 00:00:00', '0000-00-00 00:00:00'),
(347, 'Biegale Shtuhim', '', 'BiegaleShtuhim', 'Osem', 3.20, 500, 3, '0000-00-00 00:00:00', '0000-00-00 00:00:00', '0000-00-00 00:00:00'),
(348, 'Biegale Classic', '', 'BiegaleClassic', 'Osem', 3.00, 500, 3, '0000-00-00 00:00:00', '0000-00-00 00:00:00', '0000-00-00 00:00:00'),
(349, 'Popco Honey & Butter', '', 'PopcoHoneyButter', 'Osem', 3.10, 500, 3, '0000-00-00 00:00:00', '0000-00-00 00:00:00', '0000-00-00 00:00:00'),
(350, 'Popco Bamba', '', 'PopcoBamba', 'Osem', 3.10, 500, 3, '0000-00-00 00:00:00', '0000-00-00 00:00:00', '0000-00-00 00:00:00'),
(351, 'Snyders Parmesan Garlic', '', 'SnydersParmesanGarlic', 'Snyders of Hanover', 3.30, 500, 3, '0000-00-00 00:00:00', '0000-00-00 00:00:00', '0000-00-00 00:00:00'),
(352, 'Snyders Onion, Honey , Mustard', '', 'SnydersOnionHoneyMustard', 'Snyders of Hanover', 3.40, 500, 3, '0000-00-00 00:00:00', '0000-00-00 00:00:00', '0000-00-00 00:00:00'),
(353, 'Snyders Hot Buffalo Wing', '', 'SnydersHotBuffaloWing', 'Snyders of Hanover', 3.50, 500, 3, '0000-00-00 00:00:00', '0000-00-00 00:00:00', '0000-00-00 00:00:00'),
(354, 'Snyders Cheddar sandwiches', '', 'SnydersCheddarSandwiches', 'Snyders of Hanover', 3.70, 500, 3, '0000-00-00 00:00:00', '0000-00-00 00:00:00', '0000-00-00 00:00:00'),
(355, 'Terra Mediterranean', '', 'TerraMediterranean', 'Terra', 3.50, 500, 3, '0000-00-00 00:00:00', '0000-00-00 00:00:00', '0000-00-00 00:00:00'),
(356, 'Terra Stripes & Blues', '', 'TerraStripes&Blues', 'Terra', 3.50, 500, 3, '0000-00-00 00:00:00', '0000-00-00 00:00:00', '0000-00-00 00:00:00'),
(357, 'Terra Sweets & Beets', '', 'TerraSweets&Beets', 'Terra', 3.60, 500, 3, '0000-00-00 00:00:00', '0000-00-00 00:00:00', '0000-00-00 00:00:00'),
(358, 'Terra Blues', '', 'TerraBlues', 'Terra', 4.00, 500, 3, '0000-00-00 00:00:00', '0000-00-00 00:00:00', '0000-00-00 00:00:00'),
(359, 'Go Salt', '', 'GoSalt', 'Tnuva', 4.00, 500, 3, '0000-00-00 00:00:00', '0000-00-00 00:00:00', '0000-00-00 00:00:00'),
(360, 'Go Seasoned', '', 'GoSeasoned', 'Tnuva', 4.20, 500, 3, '0000-00-00 00:00:00', '0000-00-00 00:00:00', '0000-00-00 00:00:00'),
(361, 'Go Sesame', '', 'GoSesame', 'Tnuva', 4.60, 500, 3, '0000-00-00 00:00:00', '0000-00-00 00:00:00', '0000-00-00 00:00:00'),
(362, 'Lays Garlic & Herb Butter', '', 'LaysGarlicHerb', 'Frito-Lay', 6.00, 500, 3, '0000-00-00 00:00:00', '0000-00-00 00:00:00', '0000-00-00 00:00:00'),
(363, 'Lays Paprika', '', 'LaysPaprika', 'Frito-Lay', 5.00, 500, 3, '0000-00-00 00:00:00', '0000-00-00 00:00:00', '0000-00-00 00:00:00'),
(364, 'Lays Natural', '', 'LaysNatural', 'Frito-Lay', 5.00, 500, 3, '0000-00-00 00:00:00', '0000-00-00 00:00:00', '0000-00-00 00:00:00'),
(365, 'Lays Salt & Vinegar', '', 'LaysSaltVinegar', 'Frito-Lay', 3.20, 500, 3, '0000-00-00 00:00:00', '0000-00-00 00:00:00', '0000-00-00 00:00:00'),
(366, 'Lays Salt', '', 'LaysSalt', 'Frito-Lay', 3.00, 500, 3, '0000-00-00 00:00:00', '0000-00-00 00:00:00', '0000-00-00 00:00:00'),
(367, 'Lays KFC', '', 'LaysKFC', 'Frito-Lay', 3.10, 500, 3, '0000-00-00 00:00:00', '0000-00-00 00:00:00', '0000-00-00 00:00:00'),
(368, 'Lays Subway', '', 'LaysSubway', 'Frito-Lay', 3.10, 500, 3, '0000-00-00 00:00:00', '0000-00-00 00:00:00', '0000-00-00 00:00:00'),
(369, 'Pringles Original', '', 'PringlesOriginal', 'Pringles', 3.30, 500, 3, '0000-00-00 00:00:00', '0000-00-00 00:00:00', '0000-00-00 00:00:00'),
(370, 'Pringles BBQ', '', 'PringlesBBQ', 'Pringles', 3.40, 500, 3, '0000-00-00 00:00:00', '0000-00-00 00:00:00', '0000-00-00 00:00:00'),
(371, 'Pringles sour cream & Onion', '', 'PringlesSourCreamOnion', 'Pringles', 3.50, 500, 3, '0000-00-00 00:00:00', '0000-00-00 00:00:00', '0000-00-00 00:00:00'),
(372, 'Pringles ranch', '', 'PringlesRanch', 'Pringles', 3.70, 500, 3, '0000-00-00 00:00:00', '0000-00-00 00:00:00', '0000-00-00 00:00:00'),
(373, 'Pringles Salt & Vinegar', '', 'PringlesSaltVinegar', 'Pringles', 3.50, 500, 3, '0000-00-00 00:00:00', '0000-00-00 00:00:00', '0000-00-00 00:00:00'),
(374, 'Pringles cheddar cheese', '', 'PringlesCheddarCheese', 'Pringles', 3.50, 500, 3, '0000-00-00 00:00:00', '0000-00-00 00:00:00', '0000-00-00 00:00:00'),
(375, 'Pringles pizza', '', 'PringlesPizza', 'Pringles', 3.60, 500, 3, '0000-00-00 00:00:00', '0000-00-00 00:00:00', '0000-00-00 00:00:00'),
(376, 'Pringles schorchin buffalo', '', 'PringlesBuffalo', 'Pringles', 4.00, 500, 3, '0000-00-00 00:00:00', '0000-00-00 00:00:00', '0000-00-00 00:00:00'),
(377, 'Pringles schorchin chili & lime', '', 'PringlesSchorchinChiliLime', 'Pringles', 4.00, 500, 3, '0000-00-00 00:00:00', '0000-00-00 00:00:00', '0000-00-00 00:00:00'),
(378, '13 Guns 330ml Bottle', '', '13G_330ML_BOTTLE', 'Crafty Dan', 45.00, 500, 3, '0000-00-00 00:00:00', '0000-00-00 00:00:00', '0000-00-00 00:00:00'),
(379, '13 Guns 330ml Can', '', '13G_330ML_CAN', 'Crafty Dan', 35.00, 500, 3, '0000-00-00 00:00:00', '0000-00-00 00:00:00', '0000-00-00 00:00:00'),
(380, '13 Guns Draught Pint', '', '13G_PINT_DRAUGHT', 'Crafty Dan', 43.00, 500, 3, '0000-00-00 00:00:00', '0000-00-00 00:00:00', '0000-00-00 00:00:00'),
(381, 'Abbot Ale 500ml Bottle', '', 'ABBALE_500ML_BOTTLE', 'Greene King', 45.00, 500, 3, '0000-00-00 00:00:00', '0000-00-00 00:00:00', '0000-00-00 00:00:00'),
(382, 'Abbot Ale Beer Draught Pint', '', 'ABBALE_BEER_PINT_DRAUGHT', 'Greene King', 35.00, 500, 3, '0000-00-00 00:00:00', '0000-00-00 00:00:00', '0000-00-00 00:00:00'),
(383, 'Addlestones Cloudy 500ml Bottle', '', 'ADLSTNE_CLOUD_500ML_BOTTLE', 'Addlestones', 43.00, 500, 3, '0000-00-00 00:00:00', '0000-00-00 00:00:00', '0000-00-00 00:00:00'),
(384, 'Addlestones Cloudy Draught Pint', '', 'ADLSTNE_CLOUD_PINT_DRAUGHT', 'Stone', 45.00, 500, 3, '0000-00-00 00:00:00', '0000-00-00 00:00:00', '0000-00-00 00:00:00'),
(385, 'Adnams Broadside Draught Pint', '', 'ADNMS_BROADSIDE_PINT_DRAUGHT', 'Adnams', 35.00, 500, 3, '0000-00-00 00:00:00', '0000-00-00 00:00:00', '0000-00-00 00:00:00'),
(386, 'Adnams Crystal Rye IPA 300ml Can', '', 'ADNMS_CRYSTAL_300ML_CAN', 'Adnams', 43.00, 500, 3, '0000-00-00 00:00:00', '0000-00-00 00:00:00', '0000-00-00 00:00:00'),
(387, 'Adnams Dry Hopped Lager 300ml Bottle', '', 'ADNMS_DRYHOPPEDLAGER_300ML_BOTTLE', 'Adnams', 45.00, 500, 3, '0000-00-00 00:00:00', '0000-00-00 00:00:00', '0000-00-00 00:00:00'),
(388, 'Adnams FreeWheel Draught Pint', '', 'ADNMS_FREEWHEEL_PINT_DRAUGHT', 'Adnams', 35.00, 500, 3, '0000-00-00 00:00:00', '0000-00-00 00:00:00', '0000-00-00 00:00:00'),
(389, 'Adnams Ghost Ship Draught Pint', '', 'ADNMS_GHOSTSHIP_PINT_DRAUGHT', 'Adnams', 43.00, 500, 3, '0000-00-00 00:00:00', '0000-00-00 00:00:00', '0000-00-00 00:00:00'),
(390, 'Adnams Mosaic Pale Ale 300ml Bottle', '', 'ADNMS_MOSAIC_PALE_300ML_BOTTLE', 'Adnams', 45.00, 500, 3, '0000-00-00 00:00:00', '0000-00-00 00:00:00', '0000-00-00 00:00:00'),
(391, 'Adnams Mosaic Pale Ale 300ml Can', '', 'ADNMS_MOSAIC_PALE_300ML_CAN', 'Adnams', 35.00, 500, 3, '0000-00-00 00:00:00', '0000-00-00 00:00:00', '0000-00-00 00:00:00'),
(392, 'Adnams Mosaic Pale Ale Draught Pint', '', 'ADNMS_MOSAIC_PALE_PINT_DRAUGHT', 'Adnams', 43.00, 500, 3, '0000-00-00 00:00:00', '0000-00-00 00:00:00', '0000-00-00 00:00:00'),
(393, 'Adnams Sloe Storm Draught Pint', '', 'ADNMS_MOSAIC_SL_STRM_PINT_DRAUGHT', 'Adnams', 45.00, 500, 3, '0000-00-00 00:00:00', '0000-00-00 00:00:00', '0000-00-00 00:00:00'),
(394, 'Adnams Southwold Bitter Draught Pint', '', 'ADNMS_STHWORLD_PINT_DRAUGHT', 'Adnams', 35.00, 500, 3, '0000-00-00 00:00:00', '0000-00-00 00:00:00', '0000-00-00 00:00:00'),
(395, 'Ale Fresco Draught Pint', '', 'ALE_FRSCO_PINT_DRAUGHT', 'Greene King', 43.00, 500, 3, '0000-00-00 00:00:00', '0000-00-00 00:00:00', '0000-00-00 00:00:00'),
(396, 'Alhambra Especial Draught Pint', '', 'ALHM_ESPECIAL_PINT_DRAUGHT', 'Alhambra', 45.00, 500, 3, '0000-00-00 00:00:00', '0000-00-00 00:00:00', '0000-00-00 00:00:00'),
(397, 'Alhambra Reserva 300ml Bottle', '', 'ALHM_RESERVA_300ML_BOTTLE', 'Alhambra', 35.00, 500, 3, '0000-00-00 00:00:00', '0000-00-00 00:00:00', '0000-00-00 00:00:00'),
(398, 'Amarillo Single Hop Session IPA Draught Pint', '', 'AMRILLO_SNG_HOP_PINT_DRAUGHT', 'Greene King', 43.00, 500, 3, '0000-00-00 00:00:00', '0000-00-00 00:00:00', '0000-00-00 00:00:00'),
(399, 'Amigos 330ml Bottle', '', 'AMIGOS_330ML_BOTTLE', 'Amigos', 45.00, 500, 3, '0000-00-00 00:00:00', '0000-00-00 00:00:00', '0000-00-00 00:00:00'),
(400, 'Amstel 330ml Bottle', '', 'AMSTEL_330ML_BOTTLE', 'Amstel', 35.00, 500, 3, '0000-00-00 00:00:00', '0000-00-00 00:00:00', '0000-00-00 00:00:00'),
(401, 'Amstel Lager Draught Pint', '', 'AMSTEL_LAGER_PINT_DRAUGHT', 'Amstel', 43.00, 500, 3, '0000-00-00 00:00:00', '0000-00-00 00:00:00', '0000-00-00 00:00:00'),
(402, 'Anchor California Lager 355ml Bottle', '', 'ANCHOR_CALI_LAGER_355ML_BOTTLE', 'Anchor', 45.00, 500, 3, '0000-00-00 00:00:00', '0000-00-00 00:00:00', '0000-00-00 00:00:00'),
(403, 'Anchor Liberty Ale 355ml Bottle', '', 'ANCHOR_LIBALE_355ML_BOTTLE', 'Anchor', 35.00, 500, 3, '0000-00-00 00:00:00', '0000-00-00 00:00:00', '0000-00-00 00:00:00'),
(404, 'Anchor Porter 335ml Bottle', '', 'ANCHOR_PORTER_335ML_BOTTLE', 'Anchor', 43.00, 500, 3, '0000-00-00 00:00:00', '0000-00-00 00:00:00', '0000-00-00 00:00:00'),
(405, 'Anchor Steam Beer 335 ml Bottle', '', 'ANCHOR_STEAM_335ML_BOTTLE', 'Anchor', 45.00, 500, 3, '0000-00-00 00:00:00', '0000-00-00 00:00:00', '0000-00-00 00:00:00'),
(406, 'Anchor Steam Beer Draught Pint', '', 'ANCHOR_STEAM_PINT_DRAUGHT', 'Anchor', 35.00, 500, 3, '0000-00-00 00:00:00', '0000-00-00 00:00:00', '0000-00-00 00:00:00'),
(407, 'Angry Orchard Cider 500ml Bottle', '', 'ANGRY_CIDER_500ML_BOTTLE', 'Angry Orchard', 43.00, 500, 3, '0000-00-00 00:00:00', '0000-00-00 00:00:00', '0000-00-00 00:00:00'),
(408, 'Angry Orchard Hard Cider Draught Pint', '', 'ANGRY_HARDCIDER_PINT_DRAUGHT', 'Angry Orchard', 45.00, 500, 3, '0000-00-00 00:00:00', '0000-00-00 00:00:00', '0000-00-00 00:00:00'),
(409, 'Ansells Drum Mild Draught Pint', '', 'ANSELLS_DRUMMILD_PINT_DRAUGHT', 'Ansells', 35.00, 500, 3, '0000-00-00 00:00:00', '0000-00-00 00:00:00', '0000-00-00 00:00:00'),
(410, 'Asahi Super Dry 330ml Bottle', '', 'ASAHI_SUPERDRY_330ML_BOTTLE', 'Asahi', 43.00, 500, 3, '0000-00-00 00:00:00', '0000-00-00 00:00:00', '0000-00-00 00:00:00'),
(411, 'Asahi Super DryDraught Pint', '', 'ASAHI_SUPERDRY_PINT_DRAUGHT', 'Asahi', 45.00, 500, 3, '0000-00-00 00:00:00', '0000-00-00 00:00:00', '0000-00-00 00:00:00'),
(412, 'Ashton Press Cider 500ml Bottle', '', 'ASHTN_PRSSCIDER_500ML_BOTTLE', 'Ashton Press', 35.00, 500, 3, '0000-00-00 00:00:00', '0000-00-00 00:00:00', '0000-00-00 00:00:00'),
(413, 'Aspall Cyder Draught Pint', '', 'ASPALL_CYDER_PINT_DRAUGHT', 'Aspall', 43.00, 500, 3, '0000-00-00 00:00:00', '0000-00-00 00:00:00', '0000-00-00 00:00:00'),
(414, 'Aspall Cyderkyn Draught Pint', '', 'ASPALL_CYDERKYN_PINT_DRAUGHT', 'Aspall', 45.00, 500, 3, '0000-00-00 00:00:00', '0000-00-00 00:00:00', '0000-00-00 00:00:00'),
(415, 'Aspall Draught Cyder 330ml Bottle', '', 'ASPALL_DRAUGHTCYDER_330ML_BOTTLE', 'Aspall', 35.00, 500, 3, '0000-00-00 00:00:00', '0000-00-00 00:00:00', '0000-00-00 00:00:00'),
(416, 'Aspall Draught Cyder Draught Pint', '', 'ASPALL_DRAUGHTCYDER_PINT_DRAUGHT', 'Aspall', 43.00, 500, 3, '0000-00-00 00:00:00', '0000-00-00 00:00:00', '0000-00-00 00:00:00'),
(417, 'Aspall Harry Sparrow 500ml Bottle', '', 'ASPALL_HARRYSPARROW_500ML_BOTTLE', 'Aspall', 45.00, 500, 3, '0000-00-00 00:00:00', '0000-00-00 00:00:00', '0000-00-00 00:00:00'),
(418, 'Aspall Harry Sparrow Draught Pint', '', 'ASPALL_HARRYSPARROW_PINT_DRAUGHT', 'Aspall', 35.00, 500, 3, '0000-00-00 00:00:00', '0000-00-00 00:00:00', '0000-00-00 00:00:00'),
(419, 'Aspall Isabel\'s Berry 500ml Bottle', '', 'ASPALL_ISABELBERRY_500ML_BOTTLE', 'Aspall', 43.00, 500, 3, '0000-00-00 00:00:00', '0000-00-00 00:00:00', '0000-00-00 00:00:00'),
(420, 'Aspall Mulled Cyder Draught Pint', '', 'ASPALL_MULLED_PINT_DRAUGHT', 'Aspall', 45.00, 500, 3, '0000-00-00 00:00:00', '0000-00-00 00:00:00', '0000-00-00 00:00:00'),
(421, 'Aspall Peronelle\'s Blush 500ml Bottle', '', 'ASPALL_PERONELLBLUSH_500ML_BOTTLE', 'Aspall', 35.00, 500, 3, '0000-00-00 00:00:00', '0000-00-00 00:00:00', '0000-00-00 00:00:00'),
(422, 'Aspall Premier Cru Cyder 500ml Bottle', '', 'ASPALL_PREMIERCRU_500ML_BOTTLE', 'Aspall', 43.00, 500, 3, '0000-00-00 00:00:00', '0000-00-00 00:00:00', '0000-00-00 00:00:00'),
(423, 'Babycham Popping Cork 75cl Bottle', '', 'BBYCHAM_POPCORK_75CL_BOTTLE', 'Babycham', 45.00, 500, 3, '0000-00-00 00:00:00', '0000-00-00 00:00:00', '0000-00-00 00:00:00'),
(424, 'Back of the Net Draught Pint', '', 'BOTN_PINT_DRAUGHT', 'Greene King', 35.00, 500, 3, '0000-00-00 00:00:00', '0000-00-00 00:00:00', '0000-00-00 00:00:00'),
(425, 'Bad Apple Cider Draught Pint', '', 'BADAPPLE_CIDER_PINT_DRAUGHT', 'Bad Apple', 43.00, 500, 3, '0000-00-00 00:00:00', '0000-00-00 00:00:00', '0000-00-00 00:00:00'),
(426, 'Bah Humbug Draught Pint', '', 'BAHUMBUG_PINT_DRAUGHT', 'Wychwood', 45.00, 500, 3, '0000-00-00 00:00:00', '0000-00-00 00:00:00', '0000-00-00 00:00:00'),
(427, 'Bass 500ml Bottle', '', 'BASS_500ML_BOTTLE', 'Bass', 35.00, 500, 3, '0000-00-00 00:00:00', '0000-00-00 00:00:00', '0000-00-00 00:00:00'),
(428, 'Bass Draught Pint', '', 'BASS_PINT_DRAUGHT', 'Bass', 43.00, 500, 3, '0000-00-00 00:00:00', '0000-00-00 00:00:00', '0000-00-00 00:00:00'),
(429, 'Bass Smooth Draught Pint', '', 'BASS_SMOOTH_PINT_DRAUGHT', 'Bass', 45.00, 500, 3, '0000-00-00 00:00:00', '0000-00-00 00:00:00', '0000-00-00 00:00:00'),
(430, 'Bath Ales Gem Draught Pint', '', 'BTHALESGEM_PINT_DRAUGHT', 'Bath Ales', 35.00, 500, 3, '0000-00-00 00:00:00', '0000-00-00 00:00:00', '0000-00-00 00:00:00'),
(431, 'Beck\'s Bier 275ml Bottle', '', 'BECKS_BIER_275ML_BOTTLE', 'Beck\'s', 43.00, 500, 3, '0000-00-00 00:00:00', '0000-00-00 00:00:00', '0000-00-00 00:00:00'),
(432, 'Beck\'s Bier Draught Pint', '', 'BECKS_BIER_PINT_DRAUGHT', 'Beck\'s', 45.00, 500, 3, '0000-00-00 00:00:00', '0000-00-00 00:00:00', '0000-00-00 00:00:00'),
(433, 'Beck\'s Blue 275ml Bottle', '', 'BECKS_BLUE_275ML_BOTTLE', 'Beck\'s', 35.00, 500, 3, '0000-00-00 00:00:00', '0000-00-00 00:00:00', '0000-00-00 00:00:00'),
(434, 'Beck\'s Vier Draught Pint', '', 'BECKS_VIER_PINT_DRAUGHT', 'Beck\'s', 43.00, 500, 3, '0000-00-00 00:00:00', '0000-00-00 00:00:00', '0000-00-00 00:00:00'),
(435, 'Bedlam Pale Ale Draught Pint', '', 'BEDLAM_PALEALE_PINT_DRAUGHT', 'Bedlam', 45.00, 500, 3, '0000-00-00 00:00:00', '0000-00-00 00:00:00', '0000-00-00 00:00:00'),
(436, 'Beerd Monterey Draught Pint', '', 'BEERD_MONTEREY_PINT_DRAUGHT', 'Beerd', 35.00, 500, 3, '0000-00-00 00:00:00', '0000-00-00 00:00:00', '0000-00-00 00:00:00'),
(437, 'Belhaven Best Draught Pint', '', 'BELHAVEN_BEST_PINT_DRAUGHT', 'Belhaven', 43.00, 500, 3, '0000-00-00 00:00:00', '0000-00-00 00:00:00', '0000-00-00 00:00:00'),
(438, 'Belhaven Export 80/- 500ml Bottle', '', 'BELHAVEN_EXPORT80_500ML_BOTTLE', 'Belhaven', 45.00, 500, 3, '0000-00-00 00:00:00', '0000-00-00 00:00:00', '0000-00-00 00:00:00'),
(439, 'Belhaven Light Draught Pint', '', 'BELHAVEN_LIGHT_ PINT_DRAUGHT', 'Belhaven', 35.00, 500, 3, '0000-00-00 00:00:00', '0000-00-00 00:00:00', '0000-00-00 00:00:00'),
(440, 'Bellerose Blonde 330ml Bottle', '', 'BELROSE_BLONDE_330ML_BOTTLE', 'Bellerose', 43.00, 500, 3, '0000-00-00 00:00:00', '0000-00-00 00:00:00', '0000-00-00 00:00:00'),
(441, 'Bellerose Blonde Extra 330ml Bottle', '', 'BELROSE_BLONDE_EXTRA_330ML_BOTTLE', 'Bellerose', 45.00, 500, 3, '0000-00-00 00:00:00', '0000-00-00 00:00:00', '0000-00-00 00:00:00'),
(442, 'Belleville Balham Black Lager 330ml Can', '', 'BELVILE_BLHAMBLK_LAGER_330ML_CAN', 'Belleville', 35.00, 500, 3, '0000-00-00 00:00:00', '0000-00-00 00:00:00', '0000-00-00 00:00:00'),
(443, 'Bellfield Bohemian Pilsner Gluten Free 330ml Bottle', '', 'BELFLD_BOHEMIAN_PILSNERGLUTENFREE_330ML_BOTTLE', 'Bellfield', 43.00, 500, 3, '0000-00-00 00:00:00', '0000-00-00 00:00:00', '0000-00-00 00:00:00'),
(444, 'Bellfield Bohmenian Pilsner Draught Pint', '', 'BELFLD_BOHMENIAN_PILSNER_PINT_DRAUGHT', 'Bellfield', 45.00, 500, 3, '0000-00-00 00:00:00', '0000-00-00 00:00:00', '0000-00-00 00:00:00'),
(445, 'Bellfield Lawless Village IPA Draught Pint', '', 'BELFLD_LAWLSSVILLAGE_PINT_DRAUGHT', 'Bellfield', 35.00, 500, 3, '0000-00-00 00:00:00', '0000-00-00 00:00:00', '0000-00-00 00:00:00'),
(446, 'Bellfield Lawless Village IPA Gluten Free 330ml Bottle', '', 'BELFLD_LAWLSSVILLAGE_GLTNFREE_330ML_BOTTLE', 'Bellfield', 43.00, 500, 3, '0000-00-00 00:00:00', '0000-00-00 00:00:00', '0000-00-00 00:00:00'),
(447, 'Berliner Heist 330ml Can', '', 'BERLINER_HEIST_330ML_CAN', 'The London Beer Factory', 45.00, 500, 3, '0000-00-00 00:00:00', '0000-00-00 00:00:00', '0000-00-00 00:00:00'),
(448, 'Berliner Pilsner 330ml Can', '', 'BERLINER_PILSNER_330ML_CAN', 'Berliner', 35.00, 500, 3, '0000-00-00 00:00:00', '0000-00-00 00:00:00', '0000-00-00 00:00:00'),
(449, 'Berliner Pilsner Draught Pint', '', 'BERLINER_PILSNER_PINT_DRAUGHT', 'Berliner', 43.00, 500, 3, '0000-00-00 00:00:00', '0000-00-00 00:00:00', '0000-00-00 00:00:00'),
(450, 'Betty Stogs 330ml Bottle', '', 'BTYSTGS_330ML_BOTTLE', 'Skinners', 45.00, 500, 3, '0000-00-00 00:00:00', '0000-00-00 00:00:00', '0000-00-00 00:00:00'),
(451, 'Beyond The Pale 330ml Can', '', 'BTP_330ML_CAN', 'The London Beer Factory', 35.00, 500, 3, '0000-00-00 00:00:00', '0000-00-00 00:00:00', '0000-00-00 00:00:00'),
(452, 'Beyond the Pale Draught Pint', '', 'BTP_PINT_DRAUGHT', 'The London Beer Factory', 43.00, 500, 3, '0000-00-00 00:00:00', '0000-00-00 00:00:00', '0000-00-00 00:00:00'),
(453, 'Big Hug Juicy Pale 330ml Can', '', 'BIGHUG_JUICYPALE_330ML_CAN', 'Big Hug Brewing', 45.00, 500, 3, '0000-00-00 00:00:00', '0000-00-00 00:00:00', '0000-00-00 00:00:00'),
(454, 'Big Hug Juicy Pale Draught Pint', '', 'BIGHUG_JUICYPALE_330ML_CAN', 'Big Hug Brewing', 35.00, 500, 3, '0000-00-00 00:00:00', '0000-00-00 00:00:00', '0000-00-00 00:00:00'),
(455, 'Big Hug Pilsner 330ml Can', '', 'BIGHUG_PILSNER_330ML_CAN', 'Big Hug Brewing', 43.00, 500, 3, '0000-00-00 00:00:00', '0000-00-00 00:00:00', '0000-00-00 00:00:00'),
(456, 'Big Hug Pilsner Draught Pint', '', 'BIGHUG_PILSNER_PINT_DRAUGHT', 'Big Hug Brewing', 45.00, 500, 3, '0000-00-00 00:00:00', '0000-00-00 00:00:00', '0000-00-00 00:00:00'),
(457, 'Big Hug Spirit Pale Ale 330ml Bottle', '', 'BIGHUG_SPIRITALE_330ML_BOTTLE', 'Big Hug Brewing', 35.00, 500, 3, '0000-00-00 00:00:00', '0000-00-00 00:00:00', '0000-00-00 00:00:00'),
(458, 'Big Hug Spirit Pale Ale 330ml Can', '', 'BIGHUG_SPIRITALE_330ML_CAN', 'Big Hug Brewing', 43.00, 500, 3, '0000-00-00 00:00:00', '0000-00-00 00:00:00', '0000-00-00 00:00:00'),
(459, 'Big Hug White IPA 330ml Bottle', '', 'BIGHUG_WHITE_330ML_BOTTLE', 'Big Hug Brewing', 45.00, 500, 3, '0000-00-00 00:00:00', '0000-00-00 00:00:00', '0000-00-00 00:00:00'),
(460, 'Big Hug White IPA 330ml Can', '', 'BIGHUG_WHITE_330ML_CAN', 'Big Hug Brewing', 35.00, 500, 3, '0000-00-00 00:00:00', '0000-00-00 00:00:00', '0000-00-00 00:00:00'),
(461, 'Big Hug White IPA Draught Pint', '', 'BIGHUG_WHITE_PINT_DRAUGHT', 'Big Hug Brewing', 43.00, 500, 3, '0000-00-00 00:00:00', '0000-00-00 00:00:00', '0000-00-00 00:00:00'),
(462, 'Tam Tam Crab', '', 'TAMTAM_CRAB', 'SNEK KU', 1.30, 500, 1, '0000-00-00 00:00:00', '0000-00-00 00:00:00', '0000-00-00 00:00:00'),
(463, 'Tam Tam Chili Crab', '', 'TAMTAM_CHILICRAB', 'SNEK KU', 2.00, 500, 1, '0000-00-00 00:00:00', '0000-00-00 00:00:00', '0000-00-00 00:00:00'),
(464, 'Mi-Mi Prawn', '', 'MIMI_PRAWN', 'SNEK KU', 1.30, 500, 1, '0000-00-00 00:00:00', '0000-00-00 00:00:00', '0000-00-00 00:00:00'),
(465, 'Mi-Mi Garlic Mi Spicy', '', 'MIMI_GARLICSPICY', 'SNEK KU', 2.00, 500, 1, '0000-00-00 00:00:00', '0000-00-00 00:00:00', '0000-00-00 00:00:00'),
(466, 'ShoYueMi Original', '', 'SHOYUMI_ORI', 'SNEK KU', 2.40, 500, 1, '0000-00-00 00:00:00', '0000-00-00 00:00:00', '0000-00-00 00:00:00'),
(467, 'ShoYueMi Spicy', '', 'SHOYUMI_SPICY', 'SNEK KU', 2.30, 500, 1, '0000-00-00 00:00:00', '0000-00-00 00:00:00', '0000-00-00 00:00:00'),
(468, 'ShoYueMi Seaweed', '', 'SHOYUMI_SEAWEED', 'SNEK KU', 2.30, 500, 1, '0000-00-00 00:00:00', '0000-00-00 00:00:00', '0000-00-00 00:00:00'),
(469, 'ShoYueMi Black Pepper', '', 'SHOYUMI_BLKPEPPER', 'SNEK KU', 2.30, 500, 1, '0000-00-00 00:00:00', '0000-00-00 00:00:00', '0000-00-00 00:00:00'),
(470, 'ShoYueMi Curry', '', 'SHOYUMI_CURRY', 'SNEK KU', 2.80, 500, 1, '0000-00-00 00:00:00', '0000-00-00 00:00:00', '0000-00-00 00:00:00'),
(471, 'Popo Fish Muruku Original', '', 'POPO_MURUKU_ORI', 'Popo', 2.20, 500, 1, '0000-00-00 00:00:00', '0000-00-00 00:00:00', '0000-00-00 00:00:00'),
(472, 'Popo Seaweed Muruku', '', 'POPO_MURUKU_SEAWEED', 'Popo', 2.50, 500, 1, '0000-00-00 00:00:00', '0000-00-00 00:00:00', '0000-00-00 00:00:00'),
(473, 'Popo Sweet & Spicy Muruku', '', 'POPO_MURUKU_SWEETSPICY', 'Popo', 2.50, 500, 1, '0000-00-00 00:00:00', '0000-00-00 00:00:00', '0000-00-00 00:00:00'),
(474, 'Popo Spicy Chicken Flavoured Muruku', '', 'POPO_MURUKU_SPICYCHICKEN', 'Popo', 2.50, 500, 1, '0000-00-00 00:00:00', '0000-00-00 00:00:00', '0000-00-00 00:00:00'),
(475, 'Popo Himalayan Salt Shandong Peanuts', '', 'POPO_PEANUTS_HIMALAYANSALT', 'Popo', 1.90, 500, 1, '0000-00-00 00:00:00', '0000-00-00 00:00:00', '0000-00-00 00:00:00'),
(476, 'Want-Want Senbei Rice Crackers', '', 'WW_RICECRACKERS', 'Want-Want', 3.00, 500, 1, '0000-00-00 00:00:00', '0000-00-00 00:00:00', '0000-00-00 00:00:00'),
(477, 'Twisties BBQ', '', 'TWISTIES_BBQ', 'PepsiCo', 2.80, 500, 1, '0000-00-00 00:00:00', '0000-00-00 00:00:00', '0000-00-00 00:00:00'),
(478, 'Twisties Chili', '', 'TWISTIES_CHILI', 'PepsiCo', 2.80, 500, 1, '0000-00-00 00:00:00', '0000-00-00 00:00:00', '0000-00-00 00:00:00'),
(479, 'Twisties Kaya Butter Toast', '', 'TWISTIES_KAYABUTTERTOAST', 'PepsiCo', 3.00, 500, 1, '0000-00-00 00:00:00', '0000-00-00 00:00:00', '0000-00-00 00:00:00'),
(480, 'adidas Equipment Tiro Track Pants', 'HA2442', 'PSG-Str-S', 'Adidas', 35.00, 500, 1, '0000-00-00 00:00:00', '0000-00-00 00:00:00', '0000-00-00 00:00:00'),
(481, 'Badge of Sport Classic Tee (Plus size)', 'HA3054', 'CTA-2223-S', 'Adidas', 24.97, 500, 1, '0000-00-00 00:00:00', '0000-00-00 00:00:00', '0000-00-00 00:00:00'),
(482, 'Fold-Cuff Crew Socks 3 Pairs', 'H32387', 'NFL-TL-S', 'Adidas', 140.00, 500, 1, '0000-00-00 00:00:00', '0000-00-00 00:00:00', '0000-00-00 00:00:00'),
(483, 'Fold-Cuff Crew Socks 3 Pairs', 'GN4894', 'NSS-Panda-S', 'Adidas', 130.00, 500, 1, '0000-00-00 00:00:00', '0000-00-00 00:00:00', '0000-00-00 00:00:00'),
(484, 'adidas x Zoe Saldana Feelbrilliant AEROREADY 7/8 Printed Sport Tights', 'GS3917', 'DF-OneLuxe-M', 'Adidas', 36.97, 500, 1, '0000-00-00 00:00:00', '0000-00-00 00:00:00', '0000-00-00 00:00:00'),
(485, 'adidas Sleek Shoes', 'H00474', 'PSG-AWF-S', 'Adidas', 21.97, 500, 1, '0000-00-00 00:00:00', '0000-00-00 00:00:00', '0000-00-00 00:00:00'),
(486, 'Marimekko Oversize Tee', 'H20475', 'NFL-MD-S', 'Adidas', 12.00, 500, 1, '0000-00-00 00:00:00', '0000-00-00 00:00:00', '0000-00-00 00:00:00'),
(487, 'Classic Waist Bag', 'GU0890', 'KPK-IE-S', 'Adidas', 15.97, 500, 1, '0000-00-00 00:00:00', '0000-00-00 00:00:00', '0000-00-00 00:00:00'),
(488, 'Cropped Letter Hoodie', 'H20233', 'NC1-S', 'Adidas', 30.00, 500, 1, '0000-00-00 00:00:00', '0000-00-00 00:00:00', '0000-00-00 00:00:00'),
(489, 'AEROREADY Designed to Move Sport Motion Logo Hoodie', 'H28797', 'NK-SW-S', 'Adidas', 26.97, 500, 1, '0000-00-00 00:00:00', '0000-00-00 00:00:00', '0000-00-00 00:00:00'),
(490, 'Tapuchips Honey Barbecue', '', 'TapuHoneyBBQ', 'Elite', 5.00, 500, 1, '0000-00-00 00:00:00', '0000-00-00 00:00:00', '0000-00-00 00:00:00'),
(491, 'Tapuchips Cheddar', '', 'TapuCheddar', 'Elite', 5.00, 500, 1, '0000-00-00 00:00:00', '0000-00-00 00:00:00', '0000-00-00 00:00:00'),
(492, 'Tapuchips Sour cream & Onion', '', 'TapuSourCreamOnion', 'Elite', 3.20, 500, 1, '0000-00-00 00:00:00', '0000-00-00 00:00:00', '0000-00-00 00:00:00'),
(493, 'Tapuchips Natural', '', 'TapuNatural', 'Elite', 3.00, 500, 1, '0000-00-00 00:00:00', '0000-00-00 00:00:00', '0000-00-00 00:00:00'),
(494, 'Tapuchips Mexican', '', 'TapuMexican', 'Elite', 3.10, 500, 1, '0000-00-00 00:00:00', '0000-00-00 00:00:00', '0000-00-00 00:00:00'),
(495, 'Tapuchips Salt & Vinegar', '', 'TapuSaltVinegar', 'Elite', 3.10, 500, 1, '0000-00-00 00:00:00', '0000-00-00 00:00:00', '0000-00-00 00:00:00'),
(496, 'Tapuchips Grill', '', 'TapuGrill', 'Elite', 3.30, 500, 1, '0000-00-00 00:00:00', '0000-00-00 00:00:00', '0000-00-00 00:00:00'),
(497, 'Tapuchips Pops', '', 'TapuPops', 'Elite', 3.40, 500, 1, '0000-00-00 00:00:00', '0000-00-00 00:00:00', '0000-00-00 00:00:00'),
(498, 'Doritos Natural', '', 'DoritosNatural', 'Elite', 3.50, 500, 1, '0000-00-00 00:00:00', '0000-00-00 00:00:00', '0000-00-00 00:00:00'),
(499, 'Doritos Sour Spicy', '', 'DoritosSourSpicy', 'Elite', 3.70, 500, 1, '0000-00-00 00:00:00', '0000-00-00 00:00:00', '0000-00-00 00:00:00'),
(500, 'Doritos Nacho', '', 'DoritosNacho', 'Elite', 3.50, 500, 1, '0000-00-00 00:00:00', '0000-00-00 00:00:00', '0000-00-00 00:00:00'),
(501, 'Doritos Spicy', '', 'DoritosSpicy', 'Elite', 3.50, 500, 1, '0000-00-00 00:00:00', '0000-00-00 00:00:00', '0000-00-00 00:00:00'),
(502, 'Doritos Grill', '', 'DoritosGrill', 'Elite', 3.60, 500, 1, '0000-00-00 00:00:00', '0000-00-00 00:00:00', '0000-00-00 00:00:00'),
(503, 'Cheetos Puff- Cheese', '', 'CheetosPuffCheese', 'Elite', 4.00, 500, 1, '0000-00-00 00:00:00', '0000-00-00 00:00:00', '0000-00-00 00:00:00'),
(504, 'Cheetos Crunch Cheese', '', 'CheetosChrunchCheese', 'Elite', 4.00, 500, 1, '0000-00-00 00:00:00', '0000-00-00 00:00:00', '0000-00-00 00:00:00'),
(505, 'Cheetos Ketchup- Kaffa', '', 'CheetosKetchup', 'Elite', 4.20, 500, 1, '0000-00-00 00:00:00', '0000-00-00 00:00:00', '0000-00-00 00:00:00'),
(506, 'Cheetos Pizza - X&O\'s', '', 'CheetosPizza', 'Elite', 4.60, 500, 1, '0000-00-00 00:00:00', '0000-00-00 00:00:00', '0000-00-00 00:00:00'),
(507, 'Original Disinfectant Toilet Cleaner Liquid', '', 'Harpic_TCL_ORIGINAL', 'Harpic', 489.00, 500, 1, '0000-00-00 00:00:00', '0000-00-00 00:00:00', '0000-00-00 00:00:00'),
(508, 'Disinfectant Surface & Floor Cleaner Liquid - Citrus, Kills 99.9% Germs', '', 'Lizol_CTR_SURFACE&FLOOR', 'Lizol', 302.00, 500, 1, '0000-00-00 00:00:00', '0000-00-00 00:00:00', '0000-00-00 00:00:00'),
(509, 'Surface Disinfectant Spray', '', 'Savlon_DISINFECTANTSPRAY', 'Savlon', 256.76, 500, 1, '0000-00-00 00:00:00', '0000-00-00 00:00:00', '0000-00-00 00:00:00'),
(510, 'Harpic Disinfectant Toilet Cleaner Original200ml+Lizol Floor Cleaner Citrus200ml', '', 'bbCombo_harpicDTC_ORIGINAL_200ML', 'bb Combo', 74.48, 500, 1, '0000-00-00 00:00:00', '0000-00-00 00:00:00', '0000-00-00 00:00:00'),
(511, 'Harpic Toilet Cleaner Liquid - Original 1 L + Lizol Floor Cleaner, Citrus - 2L', '', 'bbCombo_harpicTCL_ORIGINAL_2L', 'bb Combo', 462.00, 500, 1, '0000-00-00 00:00:00', '0000-00-00 00:00:00', '0000-00-00 00:00:00'),
(512, 'Disinfectant Bathroom Cleaner Liquid - Lemon', '', 'Harpic_DBathCL_LEMON', 'Harpic', 299.00, 500, 1, '0000-00-00 00:00:00', '0000-00-00 00:00:00', '0000-00-00 00:00:00'),
(513, 'Super Saver Pack Toilet Cleaner Original, 500ml + Bathroom Cleaner Lemon, 500ml', '', 'Harpic_SuperSaver_TCOriginal+BCLemon_500ML', 'Harpic', 162.16, 500, 1, '0000-00-00 00:00:00', '0000-00-00 00:00:00', '0000-00-00 00:00:00'),
(514, 'Original 1 ltr + Bathroom Cleaner Lemon 500 ml', '', 'Harpic_DBathLT_ML', 'Harpic', 247.12, 500, 1, '0000-00-00 00:00:00', '0000-00-00 00:00:00', '0000-00-00 00:00:00'),
(515, 'Disinfectant Toilet Cleaner Liquid - 1 L + Bathroom Cleaner Liquid - 500 ml', '', 'Harpic_DBoilCL_500 ML', 'Harpic', 247.12, 500, 1, '0000-00-00 00:00:00', '0000-00-00 00:00:00', '0000-00-00 00:00:00'),
(516, 'Harpic Bathroom Cleaner - Lemon 1 L + Harpic Toilet Cleaner, Original - 1 L', '', 'Harpic_DBathCL_1 L', 'Harpic', 317.52, 500, 1, '0000-00-00 00:00:00', '0000-00-00 00:00:00', '0000-00-00 00:00:00'),
(517, 'Lizol Floor Cleaner, Floral - 2L + Harpic Toilet Cleaner Liquid - Original 1L', '', 'bb Combo_DBlooCL_ORIGINAL 1L', 'bb Combo', 483.00, 500, 1, '0000-00-00 00:00:00', '0000-00-00 00:00:00', '0000-00-00 00:00:00'),
(518, 'Double Concentrate Surface Cleaner 900 ml + Harpic Power Plus Toilet Cleaner 1 L', '', 'Lizol_DBoncSU_L', 'Lizol', 415.00, 500, 1, '0000-00-00 00:00:00', '0000-00-00 00:00:00', '0000-00-00 00:00:00'),
(519, 'Lizol Floor Cleaner, Citrus - 500ml + Harpic Bathroom Cleaning Liquid - Lemon 500ml', '', 'bb Combo_DBlooCL_LEMON 500ML', 'bb Combo', 171.73, 500, 1, '0000-00-00 00:00:00', '0000-00-00 00:00:00', '0000-00-00 00:00:00'),
(520, 'Liquid Disinfectant Cleaner for Home - Lime Fresh', '', 'Dettol_DBisiCL_LIME FRESH', 'Dettol', 317.30, 500, 1, '0000-00-00 00:00:00', '0000-00-00 00:00:00', '0000-00-00 00:00:00'),
(521, 'Disinfectant Floor Cleaner Liquid - Floral, Kills 99.9% Germs', '', 'Lizol_DBlooCL_FLORAL, KILLS 99.9% GERMS', 'Lizol', 444.99, 500, 1, '0000-00-00 00:00:00', '0000-00-00 00:00:00', '0000-00-00 00:00:00'),
(522, 'Floor Cleaner - Citrus 500 ml + Floral - 500 ml, Kills 99.9% Germs', '', 'Lizol_DBlea- _500 ML, KILLS 99.9% GERMS', 'Lizol', 161.78, 500, 1, '0000-00-00 00:00:00', '0000-00-00 00:00:00', '0000-00-00 00:00:00'),
(523, 'Disinfectant Surface & Floor Cleaner Liquid - [Citrus 2 L + Floral 2 L]', '', 'Lizol_DBurf& _[CITRUS 2 L + FLORAL 2 L]', 'Lizol', 613.00, 500, 1, '0000-00-00 00:00:00', '0000-00-00 00:00:00', '0000-00-00 00:00:00'),
(524, 'Disinfectant Surface & Floor Cleaner Liquid - [Citrus 975 ml + Floral 975 ml]', '', 'Lizol_DBurf& _[CITRUS 975 ML + FLORAL 975 ML]', 'Lizol', 333.00, 500, 1, '0000-00-00 00:00:00', '0000-00-00 00:00:00', '0000-00-00 00:00:00'),
(525, 'Disinfectant Surface & Floor Cleaner Liquid - [Citrus 2 L + Lavender 2 L]', '', 'Lizol_DBurf& _[CITRUS 2 L + LAVENDER 2 L]', 'Lizol', 631.00, 500, 1, '0000-00-00 00:00:00', '0000-00-00 00:00:00', '0000-00-00 00:00:00'),
(526, 'Disinfectant Surface & Floor Cleaner - [Citrus, Floral & Lavender (500 ml Each)]', '', 'Lizol_DBurf& _[CITRUS, FLORAL & LAVENDER (500 ML EACH)]', 'Lizol', 252.78, 500, 1, '0000-00-00 00:00:00', '0000-00-00 00:00:00', '0000-00-00 00:00:00'),
(527, 'Disinfectant Surface & Floor Cleaner Liquid - Lavender', '', 'Lizol_DBurf& _LAVENDER', 'Lizol', 671.00, 500, 1, '0000-00-00 00:00:00', '0000-00-00 00:00:00', '0000-00-00 00:00:00'),
(528, 'Glass Cleaner Liquid Spray', '', 'Colin_DBleaLI_SPRAY', 'Colin', 251.01, 500, 1, '0000-00-00 00:00:00', '0000-00-00 00:00:00', '0000-00-00 00:00:00'),
(529, 'Disinfectant Toilet Cleaner - White & Shine Bleach', '', 'Harpic_DBoilCL_WHITE & SHINE BLEACH', 'Harpic', 77.22, 500, 1, '0000-00-00 00:00:00', '0000-00-00 00:00:00', '0000-00-00 00:00:00'),
(530, 'Disinfectant Bathroom Cleaner Liquid - Floral', '', 'Harpic_DBathCL_FLORAL', 'Harpic', 307.00, 500, 1, '0000-00-00 00:00:00', '0000-00-00 00:00:00', '0000-00-00 00:00:00'),
(531, 'Bathroom Cleaner Liquid - Lemon 1 L + Toilet Cleaner - Bleach, White & Shine - 500 ml', '', 'Harpic_DBleaLI_500 ML', 'Harpic', 227.58, 500, 1, '0000-00-00 00:00:00', '0000-00-00 00:00:00', '0000-00-00 00:00:00'),
(532, 'Disinfectant Spray Sanitizer For Germ-Protection - Original Pine', '', 'Dettol_DBpraSA_ORIGINAL PINE', 'Dettol', 286.90, 500, 1, '0000-00-00 00:00:00', '0000-00-00 00:00:00', '0000-00-00 00:00:00'),
(533, 'Dranex Drain Cleaner', '', 'Kiwi_DBraiCL_CLEANER', 'Kiwi', 128.00, 500, 1, '0000-00-00 00:00:00', '0000-00-00 00:00:00', '0000-00-00 00:00:00'),
(534, 'LED Batten - 20 Watt, Slimline Next', 'GX2894', 'Philips_DBatt- _20 WATT, SLIMLINE NEXT', 'Philips', 285.00, 500, 1, '0000-00-00 00:00:00', '0000-00-00 00:00:00', '0000-00-00 00:00:00'),
(535, 'Gold Power Battery AA', 'GS8797', 'Victor_DBoweBA_AA', 'Victor', 97.00, 500, 1, '0000-00-00 00:00:00', '0000-00-00 00:00:00', '0000-00-00 00:00:00'),
(536, 'Smart LED Bulb - 12 Watt, Wi-Fi Enabled, Multicolour (SSK-SMW 12W)', 'GT0140', 'Syska_SmartLEDbulb_12W_WIFI', 'Syska', 749.00, 500, 1, '0000-00-00 00:00:00', '0000-00-00 00:00:00', '0000-00-00 00:00:00'),
(537, 'LED Bulb - 9 Watt, Cool Daylight, B22 Base', 'GV9740', 'AGARO_LEDbulb_9W_COOLDAYLIGHT', 'AGARO', 89.00, 500, 1, '0000-00-00 00:00:00', '0000-00-00 00:00:00', '0000-00-00 00:00:00'),
(538, '2 Pin Conversion Plug 1068', 'GV9738', 'Milltec_DBonvCO_PLUG 1068', 'Milltec', 38.00, 500, 1, '0000-00-00 00:00:00', '0000-00-00 00:00:00', '0000-00-00 00:00:00'),
(539, 'USB String Fairy Lights 10M 100 LED With Adaptor For Decoration - Multicolour', 'H12197', 'Mansaa_DBtriFA_MULTICOLOUR', 'Mansaa', 249.00, 500, 1, '0000-00-00 00:00:00', '0000-00-00 00:00:00', '0000-00-00 00:00:00'),
(540, 'Alkaline Battery Max AA', 'GZ2915', 'Energizer_DBattMA_AA', 'Energizer', 79.00, 500, 1, '0000-00-00 00:00:00', '0000-00-00 00:00:00', '0000-00-00 00:00:00'),
(541, 'Alkaline Battery Max AAA', 'H39799', 'Energizer_DBattMA_AAA', 'Energizer', 79.00, 500, 1, '0000-00-00 00:00:00', '0000-00-00 00:00:00', '0000-00-00 00:00:00'),
(542, 'Tejas LED Bulb - 9 Watt, White, Cool Day, B22', 'GL0649', 'Wipro_DB BuBU_9 WATT, WHITE, COOL DAY, B22', 'Wipro', 109.00, 500, 1, '0000-00-00 00:00:00', '0000-00-00 00:00:00', '0000-00-00 00:00:00'),
(543, 'Garnet LED T-Bulb - 10 Watt, White, Cool Day, B22 3D', 'GQ1095', 'Wipro_DB T-T-_10 WATT, WHITE, COOL DAY, B22 3D', 'Wipro', 229.00, 500, 1, '0000-00-00 00:00:00', '0000-00-00 00:00:00', '0000-00-00 00:00:00'),
(544, 'Spike Guard - With 2.5 Metre Wire, SG01', 'GL3961', 'Eveready_DBuar- _WITH 2.5 METRE WIRE, SG01', 'Eveready', 399.00, 500, 1, '0000-00-00 00:00:00', '0000-00-00 00:00:00', '0000-00-00 00:00:00'),
(545, 'Mosquito Bat - Rechargeable Terminator 2, Lithium Ion Battery', 'H39784', 'Nippo_DBat - _RECHARGEABLE TERMINATOR 2, LITHIUM ION BATTERY', 'Nippo', 699.00, 500, 1, '0000-00-00 00:00:00', '0000-00-00 00:00:00', '0000-00-00 00:00:00'),
(546, 'Alkaline Battery Power AAA - Long Lasting Power', 'GN8269', 'Energizer_DBattPO_LONG LASTING POWER', 'Energizer', 50.00, 500, 1, '0000-00-00 00:00:00', '0000-00-00 00:00:00', '0000-00-00 00:00:00'),
(547, 'Energizer Lithium Coin Battery CR 2032', 'H40972', 'Energizer_DBithCO_CR 2032', 'Energizer', 45.00, 500, 1, '0000-00-00 00:00:00', '0000-00-00 00:00:00', '0000-00-00 00:00:00'),
(548, 'Alkaline Battery - AA-2', 'GU0325', 'PANASONIC BATTERY', 'Panasonic', 70.00, 485, 1, '0000-00-00 00:00:00', '0000-00-00 00:00:00', '2024-11-08 15:06:54'),
(549, 'Alkaline Battery Max AAA (4+2 Free)', 'H39751', 'Energizer_DBattMA_FREE)', 'Energizer', 145.00, 500, 1, '0000-00-00 00:00:00', '0000-00-00 00:00:00', '0000-00-00 00:00:00'),
(550, 'Rechargeable Battery AA 700 Mah With Charger, BP4', 'HA7682', 'Eveready_DBattAA_BP4', 'Eveready', 629.00, 500, 1, '0000-00-00 00:00:00', '0000-00-00 00:00:00', '0000-00-00 00:00:00'),
(551, 'Carbon Zinc Metal Battery - AA', 'H39778', 'Panasonic_DBincME_AA', 'Panasonic', 85.00, 500, 1, '0000-00-00 00:00:00', '0000-00-00 00:00:00', '0000-00-00 00:00:00'),
(552, 'Batteries - AAA, Bolt', 'H33318', 'Nippo_DB, BAA_AAA, BOLT', 'Nippo', 25.00, 500, 1, '0000-00-00 00:00:00', '0000-00-00 00:00:00', '0000-00-00 00:00:00'),
(553, 'Alkaline Battery Max AA (4+2 Free)', 'H39752', 'Energizer_DBattMA_FREE)', 'Energizer', 145.00, 500, 1, '0000-00-00 00:00:00', '0000-00-00 00:00:00', '0000-00-00 00:00:00'),
(554, 'LED Bulb - 0.5-Watt, Yellow, Deco Mini Base B22', 'H39796', 'Syska_SmartLEDbulb_12W_WIFI', 'Philips', 45.00, 500, 1, '0000-00-00 00:00:00', '0000-00-00 00:00:00', '0000-00-00 00:00:00'),
(555, 'Battery - Hyper, D, 1U, Hyper, Heavy Duty', 'GR4086', 'Nippo_DBypeHY_HYPER, D, 1U, HYPER, HEAVY DUTY', 'Nippo', 23.00, 500, 1, '0000-00-00 00:00:00', '0000-00-00 00:00:00', '0000-00-00 00:00:00'),
(556, 'LED Bulb - 9-Watt, Base B22', 'H33317', 'Syska_DBulb- _9-WATT, BASE B22', 'Syska', 1077.00, 500, 1, '0000-00-00 00:00:00', '0000-00-00 00:00:00', '0000-00-00 00:00:00'),
(557, 'LED Bulb - 0.5-Watt, Orange, Deco Mini Base B22', 'GZ2916', 'Syska_SmartLEDbulb_12W_WIFI', 'Philips', 45.00, 500, 1, '0000-00-00 00:00:00', '0000-00-00 00:00:00', '0000-00-00 00:00:00'),
(558, 'Rechargeable Battery AA 700 Mah BP2', 'H39779', 'Eveready_DBattAA_BP2', 'Eveready', 165.00, 500, 1, '0000-00-00 00:00:00', '0000-00-00 00:00:00', '0000-00-00 00:00:00'),
(559, 'LED Bulb - 18-Watt, Base B22 (SSK-SRL-18W)', 'GR4097', 'Syska_DBulb- _18-WATT, BASE B22 (SSK-SRL-18W)', 'Syska', 275.00, 500, 1, '0000-00-00 00:00:00', '0000-00-00 00:00:00', '0000-00-00 00:00:00'),
(560, 'LED Bulb - 7-Watt, Base B22 1pc + LED Bulb - 9-Watt, Base B22 1pc', 'H39793', 'Syska_SmartLEDbulb - 7-watt, base b22 1pc + led bulb_12W_WIFI', 'Syska', 688.00, 500, 1, '0000-00-00 00:00:00', '0000-00-00 00:00:00', '0000-00-00 00:00:00'),
(561, 'Rechargeable Emergency Inverter Bulb - 9W, Cool Daylight, B22 (EMB-9W)', 'GU0324', 'Syska_SmartRechargeableemergency inverter bulb_12W_WIFI', 'Syska', 429.00, 500, 1, '0000-00-00 00:00:00', '0000-00-00 00:00:00', '0000-00-00 00:00:00'),
(562, 'Alkaline Battery AAA-1B6', 'GR4106', 'Panasonic_DBattAA_B6', 'Panasonic', 215.00, 500, 1, '0000-00-00 00:00:00', '0000-00-00 00:00:00', '0000-00-00 00:00:00'),
(563, 'LED Bulb - 7-Watt, Base B22 1pc + 9-Watt, Base B22 1pc + 12-Watt, Base B22 1pc', 'GV9739', 'Syska_DBulb- _7-WATT, BASE B22 1PC + 9-WATT, BASE B22 1PC + 12-WATT, BASE B22 1PC', 'Syska', 1117.00, 500, 1, '0000-00-00 00:00:00', '0000-00-00 00:00:00', '0000-00-00 00:00:00'),
(564, 'LED Bulb - 12-Watt, Base B22 (SSK-SRL-12W)', 'GZ2914', 'Syska_DBulb- _12-WATT, BASE B22 (SSK-SRL-12W)', 'Syska', 179.00, 500, 1, '0000-00-00 00:00:00', '0000-00-00 00:00:00', '0000-00-00 00:00:00'),
(565, 'Alkaline Battery Max 9V', 'H39790', 'Energizer_DBattMA_V', 'Energizer', 165.00, 500, 1, '0000-00-00 00:00:00', '0000-00-00 00:00:00', '0000-00-00 00:00:00'),
(566, 'LED Bulb - 9 Watt, 3 Star, Cool Day Light White, B22', 'H39749', 'Crompton_DBulb- _9 WATT, 3 STAR, COOL DAY LIGHT WHITE, B22', 'Crompton', 95.00, 500, 1, '0000-00-00 00:00:00', '0000-00-00 00:00:00', '0000-00-00 00:00:00'),
(567, 'Safelite LED Bulb - 0.5 Watt, Yellow, Cool Day, B22', 'H06605', 'Wipro_DB BuBU_0.5 WATT, YELLOW, COOL DAY, B22', 'Wipro', 55.00, 500, 1, '0000-00-00 00:00:00', '0000-00-00 00:00:00', '0000-00-00 00:00:00'),
(568, 'LED T-Bulb Convex - 12 Watt, Cool Daylight, B22', 'GU8969', 'Syska_SmartLEDt-bulb convex_12W_WIFI', 'Philips', 249.00, 500, 1, '0000-00-00 00:00:00', '0000-00-00 00:00:00', '0000-00-00 00:00:00'),
(569, 'LED Bulb - 18 Watt, Cool Daylight, Stellar Bright Base B22', 'H39781', 'Syska_SmartLEDbulb_12W_WIFI', 'Philips', 229.00, 500, 1, '0000-00-00 00:00:00', '0000-00-00 00:00:00', '0000-00-00 00:00:00'),
(570, 'Clippy 2 Pin Extension Box With 10 Meter Wire 1088', 'H02815', 'Milltec_DBin PI_WIRE 1088', 'Milltec', 449.00, 500, 1, '0000-00-00 00:00:00', '0000-00-00 00:00:00', '0000-00-00 00:00:00'),
(571, 'Lexton String Led Light With Adapter 10 mt + Ferrero Rocher - Chocolate 24 pcs', 'H04641', 'bb Combo_DBtriLE_CHOCOLATE 24 PCS', 'bb Combo', 1098.00, 500, 1, '0000-00-00 00:00:00', '0000-00-00 00:00:00', '0000-00-00 00:00:00'),
(572, 'Tower Night LampÂ 1111', 'GZ8185', 'Milltec_DBighLA_ 1111', 'Milltec', 229.00, 500, 1, '0000-00-00 00:00:00', '0000-00-00 00:00:00', '0000-00-00 00:00:00'),
(573, 'LED Bulb - 16 Watt, Cool Daylight, Stellar Bright Base B22', 'GZ8184', 'Syska_SmartLEDbulb_12W_WIFI', 'Philips', 209.00, 500, 1, '0000-00-00 00:00:00', '0000-00-00 00:00:00', '0000-00-00 00:00:00'),
(574, 'Deco Mini Base B22 0.5-Watt LED Bulb - Red', 'FX6530', 'Philips_DBiniBA_RED', 'Philips', 45.00, 500, 1, '0000-00-00 00:00:00', '0000-00-00 00:00:00', '0000-00-00 00:00:00'),
(575, 'LED Bulb - 0.5 Watt, Green, Deco Mini Base B22', 'H04756', 'Syska_SmartLEDbulb_12W_WIFI', 'Philips', 45.00, 500, 1, '0000-00-00 00:00:00', '0000-00-00 00:00:00', '0000-00-00 00:00:00'),
(576, 'Clippy 3 Pin Extension Box With 5 Meter Wire 1087', 'H04642', 'Milltec_DBin PI_WIRE 1087', 'Milltec', 449.00, 500, 1, '0000-00-00 00:00:00', '0000-00-00 00:00:00', '0000-00-00 00:00:00'),
(577, 'Alkaline Battery E96/AAAA', 'H00948', 'Energizer_DBattE9_AAAA', 'Energizer', 90.00, 500, 1, '0000-00-00 00:00:00', '0000-00-00 00:00:00', '0000-00-00 00:00:00'),
(578, 'Tejas LED Bulb - 5 Watt, White, Cool Day, B22', 'Q46111', 'Wipro_DB BuBU_5 WATT, WHITE, COOL DAY, B22', 'Wipro', 95.00, 500, 1, '0000-00-00 00:00:00', '0000-00-00 00:00:00', '0000-00-00 00:00:00'),
(579, 'Alkaline Battery AA-1B6', 'H00945', 'Panasonic_DBattAA_B6', 'Panasonic', 215.00, 500, 1, '0000-00-00 00:00:00', '0000-00-00 00:00:00', '0000-00-00 00:00:00'),
(580, 'Eneloop Rechargeable Battery AA', 'GY5100', 'Panasonic_DBechBA_AA', 'Panasonic', 399.00, 500, 1, '0000-00-00 00:00:00', '0000-00-00 00:00:00', '0000-00-00 00:00:00'),
(581, 'Nike Dri-FIT Team (MLB Minnesota Twins) - Navy', '10I0QMF6', 'DF-Team-Navy-S', 'Nike', 169.00, 500, 1, '0000-00-00 00:00:00', '0000-00-00 00:00:00', '0000-00-00 00:00:00');

-- --------------------------------------------------------

--
-- Table structure for table `product_category`
--

CREATE TABLE `product_category` (
  `categoryID` bigint(20) UNSIGNED NOT NULL,
  `category` varchar(255) DEFAULT '-',
  `storeID` bigint(20) UNSIGNED NOT NULL
) ENGINE=InnoDB DEFAULT CHARSET=utf8mb4 COLLATE=utf8mb4_general_ci;

--
-- Dumping data for table `product_category`
--

INSERT INTO `product_category` (`categoryID`, `category`, `storeID`) VALUES
(1, 'Clothing', 1),
(4, 'Fish', 1),
(12, 'Fish 3.0 lol', 1),
(13, 'Stationeries', 1),
(15, 'Food', 1),
(16, 'Escalator', 1),
(24, 'Food', 2),
(26, 'Refrigerated goods', 1),
(27, 'Test category', 1);

-- --------------------------------------------------------

--
-- Table structure for table `product_category_link`
--

CREATE TABLE `product_category_link` (
  `categoryID` bigint(20) UNSIGNED NOT NULL,
  `productID` bigint(20) UNSIGNED NOT NULL
) ENGINE=InnoDB DEFAULT CHARSET=utf8mb4 COLLATE=utf8mb4_general_ci;

-- --------------------------------------------------------

--
-- Table structure for table `product_type`
--

CREATE TABLE `product_type` (
  `prodtypeID` bigint(20) UNSIGNED NOT NULL,
  `prod_type` varchar(255) DEFAULT '-',
  `storeID` bigint(20) UNSIGNED NOT NULL
) ENGINE=InnoDB DEFAULT CHARSET=utf8mb4 COLLATE=utf8mb4_general_ci;

--
-- Dumping data for table `product_type`
--

INSERT INTO `product_type` (`prodtypeID`, `prod_type`, `storeID`) VALUES
(1, 'Snacks', 1),
(2, 'Clothing', 1),
(3, 'Accessories', 1),
(4, 'Shoes', 1),
(5, 'Cleaning & Household', 1),
(6, 'Kitchen, Garden & Pets', 1),
(7, 'Clothing', 2),
(8, 'Shoes', 2),
(9, 'Accessories', 2),
(10, 'Beer', 3),
(11, 'Cider', 3),
(12, 'Snacks', 3),
(13, 'Accessories', 4),
(14, 'Bottom', 4),
(15, 'Dress', 4),
(16, 'Equipment', 4),
(17, 'Eyewear', 4),
(18, 'Headwear', 4),
(19, 'Innerwear', 4),
(20, 'Jacket', 4),
(21, 'Set', 4),
(22, 'Shirt', 4),
(23, 'Shoes', 4),
(26, '--', 1),
(27, '--', 2),
(28, '--', 3),
(29, '--', 4);

-- --------------------------------------------------------

--
-- Table structure for table `product_type_link`
--

CREATE TABLE `product_type_link` (
  `prodtypeID` bigint(20) UNSIGNED NOT NULL,
  `productID` bigint(20) UNSIGNED NOT NULL,
  `storeID` bigint(20) UNSIGNED NOT NULL
) ENGINE=InnoDB DEFAULT CHARSET=utf8mb4 COLLATE=utf8mb4_general_ci;

--
-- Dumping data for table `product_type_link`
--

INSERT INTO `product_type_link` (`prodtypeID`, `productID`, `storeID`) VALUES
(22, 1, 4),
(22, 2, 4),
(22, 3, 4),
(15, 4, 4),
(15, 5, 4),
(15, 6, 4),
(15, 7, 4),
(15, 8, 4),
(15, 9, 4),
(15, 10, 4),
(15, 11, 4),
(22, 12, 4),
(14, 13, 4),
(20, 14, 4),
(22, 15, 4),
(22, 16, 4),
(22, 17, 4),
(22, 18, 4),
(20, 19, 4),
(23, 20, 4),
(22, 21, 4),
(22, 22, 4),
(20, 23, 4),
(14, 24, 4),
(22, 25, 4),
(22, 26, 4),
(14, 27, 4),
(18, 28, 4),
(22, 29, 4),
(22, 30, 4),
(14, 31, 4),
(22, 32, 4),
(23, 33, 4),
(23, 34, 4),
(22, 35, 4),
(18, 36, 4),
(18, 37, 4),
(17, 38, 4),
(20, 39, 4),
(23, 40, 4),
(20, 41, 4),
(22, 42, 4),
(22, 43, 4),
(22, 44, 4),
(21, 45, 4),
(20, 46, 4),
(23, 47, 4),
(20, 48, 4),
(22, 49, 4),
(21, 50, 4),
(23, 51, 4),
(20, 52, 4),
(22, 53, 4),
(20, 54, 4),
(22, 55, 4),
(22, 56, 4),
(22, 57, 4),
(14, 58, 4),
(23, 59, 4),
(23, 60, 4),
(21, 61, 4),
(18, 62, 4),
(16, 63, 4),
(18, 64, 4),
(18, 65, 4),
(16, 66, 4),
(20, 67, 4),
(14, 68, 4),
(22, 69, 4),
(22, 70, 4),
(14, 71, 4),
(22, 72, 4),
(14, 73, 4),
(20, 74, 4),
(14, 75, 4),
(20, 76, 4),
(23, 77, 4),
(23, 78, 4),
(13, 79, 4),
(23, 80, 4),
(23, 81, 4),
(14, 82, 4),
(22, 83, 4),
(22, 84, 4),
(14, 85, 4),
(20, 86, 4),
(13, 87, 4),
(20, 88, 4),
(22, 89, 4),
(22, 90, 4),
(14, 91, 4),
(22, 92, 4),
(14, 93, 4),
(20, 94, 4),
(22, 95, 4),
(22, 96, 4),
(23, 97, 4),
(22, 98, 4),
(22, 99, 4),
(19, 100, 4),
(22, 101, 4),
(22, 102, 4),
(23, 103, 4),
(21, 104, 4),
(14, 105, 4),
(22, 106, 4),
(18, 107, 4),
(18, 108, 4),
(18, 109, 4),
(22, 110, 4),
(22, 111, 4),
(22, 112, 4),
(13, 113, 4),
(16, 114, 4),
(22, 115, 4),
(21, 116, 4),
(23, 117, 4),
(22, 118, 4),
(20, 119, 4),
(22, 120, 4),
(22, 121, 4),
(7, 122, 2),
(8, 123, 2),
(7, 124, 2),
(8, 125, 2),
(7, 126, 2),
(8, 127, 2),
(7, 128, 2),
(7, 129, 2),
(7, 130, 2),
(7, 131, 2),
(7, 132, 2),
(9, 133, 2),
(7, 134, 2),
(9, 135, 2),
(9, 136, 2),
(7, 137, 2),
(7, 138, 2),
(8, 139, 2),
(7, 140, 2),
(7, 141, 2),
(8, 142, 2),
(8, 143, 2),
(8, 144, 2),
(8, 145, 2),
(7, 146, 2),
(9, 147, 2),
(7, 148, 2),
(8, 149, 2),
(7, 150, 2),
(7, 151, 2),
(7, 152, 2),
(7, 153, 2),
(8, 154, 2),
(8, 155, 2),
(7, 156, 2),
(7, 157, 2),
(7, 158, 2),
(7, 159, 2),
(7, 160, 2),
(7, 161, 2),
(8, 162, 2),
(7, 163, 2),
(7, 164, 2),
(8, 165, 2),
(8, 166, 2),
(7, 167, 2),
(8, 168, 2),
(8, 169, 2),
(7, 170, 2),
(8, 171, 2),
(7, 172, 2),
(7, 173, 2),
(7, 174, 2),
(7, 175, 2),
(7, 176, 2),
(7, 177, 2),
(8, 178, 2),
(9, 179, 2),
(7, 180, 2),
(7, 181, 2),
(8, 182, 2),
(8, 183, 2),
(8, 184, 2),
(8, 185, 2),
(8, 186, 2),
(8, 187, 2),
(8, 188, 2),
(8, 189, 2),
(8, 190, 2),
(8, 191, 2),
(8, 192, 2),
(8, 193, 2),
(8, 194, 2),
(8, 195, 2),
(8, 196, 2),
(8, 197, 2),
(8, 198, 2),
(8, 199, 2),
(7, 200, 2),
(8, 201, 2),
(8, 202, 2),
(8, 203, 2),
(7, 204, 2),
(8, 205, 2),
(7, 206, 2),
(9, 207, 2),
(7, 208, 2),
(7, 209, 2),
(7, 210, 2),
(9, 211, 2),
(7, 212, 2),
(9, 213, 2),
(9, 214, 2),
(9, 215, 2),
(7, 216, 2),
(7, 217, 2),
(7, 218, 2),
(7, 219, 2),
(8, 220, 2),
(8, 221, 2),
(7, 222, 2),
(7, 223, 2),
(8, 224, 2),
(8, 225, 2),
(7, 226, 2),
(8, 227, 2),
(7, 228, 2),
(7, 229, 2),
(7, 230, 2),
(7, 231, 2),
(7, 232, 2),
(7, 233, 2),
(7, 234, 2),
(7, 235, 2),
(7, 236, 2),
(7, 237, 2),
(7, 238, 2),
(7, 239, 2),
(7, 240, 2),
(7, 241, 2),
(7, 242, 2),
(7, 243, 2),
(8, 244, 2),
(7, 245, 2),
(7, 246, 2),
(7, 247, 2),
(7, 248, 2),
(7, 249, 2),
(8, 250, 2),
(8, 251, 2),
(7, 252, 2),
(7, 253, 2),
(8, 254, 2),
(7, 255, 2),
(7, 256, 2),
(8, 257, 2),
(8, 258, 2),
(8, 259, 2),
(8, 260, 2),
(8, 261, 2),
(8, 262, 2),
(8, 263, 2),
(8, 264, 2),
(8, 265, 2),
(8, 266, 2),
(8, 267, 2),
(8, 268, 2),
(8, 269, 2),
(8, 270, 2),
(8, 271, 2),
(8, 272, 2),
(8, 273, 2),
(8, 274, 2),
(8, 275, 2),
(8, 276, 2),
(8, 277, 2),
(8, 278, 2),
(8, 279, 2),
(8, 280, 2),
(7, 281, 2),
(8, 282, 2),
(7, 283, 2),
(7, 284, 2),
(8, 285, 2),
(7, 286, 2),
(8, 287, 2),
(8, 288, 2),
(8, 289, 2),
(7, 290, 2),
(7, 291, 2),
(7, 292, 2),
(8, 293, 2),
(7, 294, 2),
(8, 295, 2),
(7, 296, 2),
(7, 297, 2),
(8, 298, 2),
(7, 299, 2),
(7, 300, 2),
(9, 301, 2),
(9, 302, 2),
(7, 303, 2),
(8, 304, 2),
(7, 305, 2),
(9, 306, 2),
(7, 307, 2),
(7, 308, 2),
(12, 309, 3),
(12, 310, 3),
(12, 311, 3),
(12, 312, 3),
(12, 313, 3),
(12, 314, 3),
(12, 315, 3),
(12, 316, 3),
(12, 317, 3),
(12, 318, 3),
(12, 319, 3),
(12, 320, 3),
(12, 321, 3),
(12, 322, 3),
(12, 323, 3),
(12, 324, 3),
(12, 325, 3),
(12, 326, 3),
(12, 327, 3),
(12, 328, 3),
(12, 329, 3),
(12, 330, 3),
(12, 331, 3),
(12, 332, 3),
(12, 333, 3),
(12, 334, 3),
(12, 335, 3),
(12, 336, 3),
(12, 337, 3),
(12, 338, 3),
(12, 339, 3),
(12, 340, 3),
(12, 341, 3),
(12, 342, 3),
(12, 343, 3),
(12, 344, 3),
(12, 345, 3),
(12, 346, 3),
(12, 347, 3),
(12, 348, 3),
(12, 349, 3),
(12, 350, 3),
(12, 351, 3),
(12, 352, 3),
(12, 353, 3),
(12, 354, 3),
(12, 355, 3),
(12, 356, 3),
(12, 357, 3),
(12, 358, 3),
(12, 359, 3),
(12, 360, 3),
(12, 361, 3),
(12, 362, 3),
(12, 363, 3),
(12, 364, 3),
(12, 365, 3),
(12, 366, 3),
(12, 367, 3),
(12, 368, 3),
(12, 369, 3),
(12, 370, 3),
(12, 371, 3),
(12, 372, 3),
(12, 373, 3),
(12, 374, 3),
(12, 375, 3),
(12, 376, 3),
(12, 377, 3),
(10, 378, 3),
(10, 379, 3),
(10, 380, 3),
(10, 381, 3),
(10, 382, 3),
(11, 383, 3),
(11, 384, 3),
(10, 385, 3),
(10, 386, 3),
(10, 387, 3),
(10, 388, 3),
(10, 389, 3),
(10, 390, 3),
(10, 391, 3),
(10, 392, 3),
(10, 393, 3),
(10, 394, 3),
(10, 395, 3),
(10, 396, 3),
(10, 397, 3),
(10, 398, 3),
(10, 399, 3),
(10, 400, 3),
(10, 401, 3),
(10, 402, 3),
(10, 403, 3),
(10, 404, 3),
(10, 405, 3),
(10, 406, 3),
(11, 407, 3),
(11, 408, 3),
(10, 409, 3),
(10, 410, 3),
(10, 411, 3),
(11, 412, 3),
(11, 413, 3),
(11, 414, 3),
(11, 415, 3),
(11, 416, 3),
(11, 417, 3),
(11, 418, 3),
(11, 419, 3),
(11, 420, 3),
(11, 421, 3),
(11, 422, 3),
(11, 423, 3),
(10, 424, 3),
(11, 425, 3),
(10, 426, 3),
(10, 427, 3),
(10, 428, 3),
(10, 429, 3),
(10, 430, 3),
(10, 431, 3),
(10, 432, 3),
(10, 433, 3),
(10, 434, 3),
(10, 435, 3),
(10, 436, 3),
(10, 437, 3),
(10, 438, 3),
(10, 439, 3),
(10, 440, 3),
(10, 441, 3),
(10, 442, 3),
(10, 443, 3),
(10, 444, 3),
(10, 445, 3),
(10, 446, 3),
(10, 447, 3),
(10, 448, 3),
(10, 449, 3),
(10, 450, 3),
(10, 451, 3),
(10, 452, 3),
(10, 453, 3),
(10, 454, 3),
(10, 455, 3),
(10, 456, 3),
(10, 457, 3),
(10, 458, 3),
(10, 459, 3),
(10, 460, 3),
(10, 461, 3),
(1, 462, 1),
(1, 463, 1),
(1, 464, 1),
(1, 465, 1),
(1, 466, 1),
(1, 467, 1),
(1, 468, 1),
(1, 469, 1),
(1, 470, 1),
(1, 471, 1),
(1, 472, 1),
(1, 473, 1),
(1, 474, 1),
(1, 475, 1),
(1, 476, 1),
(1, 477, 1),
(1, 478, 1),
(1, 479, 1),
(2, 480, 1),
(2, 481, 1),
(3, 482, 1),
(3, 483, 1),
(2, 484, 1),
(4, 485, 1),
(2, 486, 1),
(3, 487, 1),
(2, 488, 1),
(2, 489, 1),
(1, 490, 1),
(1, 491, 1),
(1, 492, 1),
(1, 493, 1),
(1, 494, 1),
(1, 495, 1),
(1, 496, 1),
(1, 497, 1),
(1, 498, 1),
(1, 499, 1),
(1, 500, 1),
(1, 501, 1),
(1, 502, 1),
(1, 503, 1),
(1, 504, 1),
(1, 505, 1),
(1, 506, 1),
(5, 507, 1),
(5, 508, 1),
(5, 509, 1),
(5, 510, 1),
(5, 511, 1),
(5, 512, 1),
(5, 513, 1),
(5, 514, 1),
(5, 515, 1),
(5, 516, 1),
(5, 517, 1),
(5, 518, 1),
(5, 519, 1),
(5, 520, 1),
(5, 521, 1),
(5, 522, 1),
(5, 523, 1),
(5, 524, 1),
(5, 525, 1),
(5, 526, 1),
(5, 527, 1),
(5, 528, 1),
(5, 529, 1),
(5, 530, 1),
(5, 531, 1),
(5, 532, 1),
(5, 533, 1),
(6, 534, 1),
(6, 535, 1),
(6, 536, 1),
(6, 537, 1),
(6, 538, 1),
(6, 539, 1),
(6, 540, 1),
(6, 541, 1),
(6, 542, 1),
(6, 543, 1),
(6, 544, 1),
(6, 545, 1),
(6, 546, 1),
(6, 547, 1),
(5, 548, 1),
(6, 549, 1),
(6, 550, 1),
(6, 551, 1),
(6, 552, 1),
(6, 553, 1),
(6, 554, 1),
(6, 555, 1),
(6, 556, 1),
(6, 557, 1),
(6, 558, 1),
(6, 559, 1),
(6, 560, 1),
(6, 561, 1),
(6, 562, 1),
(6, 563, 1),
(6, 564, 1),
(6, 565, 1),
(6, 566, 1),
(6, 567, 1),
(6, 568, 1),
(6, 569, 1),
(6, 570, 1),
(6, 571, 1),
(6, 572, 1),
(6, 573, 1),
(6, 574, 1),
(6, 575, 1),
(6, 576, 1),
(6, 577, 1),
(6, 578, 1),
(6, 579, 1),
(6, 580, 1),
(6, 581, 1);

-- --------------------------------------------------------

--
-- Table structure for table `purchase_order`
--

CREATE TABLE `purchase_order` (
  `orderID` bigint(20) UNSIGNED NOT NULL,
  `vendorID` bigint(20) UNSIGNED NOT NULL,
  `deletedVendor` varchar(255) DEFAULT NULL,
  `storeID` bigint(20) UNSIGNED NOT NULL,
  `order_total` decimal(10,2) DEFAULT NULL,
  `order_status` varchar(255) NOT NULL,
  `date_ordered` datetime NOT NULL,
  `date_update` datetime NOT NULL,
  `date_fulfiled` datetime NOT NULL,
  `deadline` date DEFAULT NULL
) ENGINE=InnoDB DEFAULT CHARSET=utf8mb4 COLLATE=utf8mb4_general_ci;

--
-- Dumping data for table `purchase_order`
--

INSERT INTO `purchase_order` (`orderID`, `vendorID`, `deletedVendor`, `storeID`, `order_total`, `order_status`, `date_ordered`, `date_update`, `date_fulfiled`, `deadline`) VALUES
(9, 1, NULL, 1, 152.00, '', '2024-11-07 00:00:00', '0000-00-00 00:00:00', '0000-00-00 00:00:00', '2024-11-28'),
(10, 1, NULL, 1, 152.00, '', '2024-11-07 00:00:00', '0000-00-00 00:00:00', '0000-00-00 00:00:00', '2024-11-28'),
(11, 1, NULL, 1, 21.97, '', '2024-11-07 00:00:00', '0000-00-00 00:00:00', '0000-00-00 00:00:00', '2024-11-28'),
(12, 1, NULL, 1, 38.00, '', '2024-11-08 00:00:00', '0000-00-00 00:00:00', '0000-00-00 00:00:00', '2024-11-29'),
(13, 3, NULL, 1, 4636.00, '', '2024-11-08 00:00:00', '0000-00-00 00:00:00', '0000-00-00 00:00:00', '2024-11-29'),
(14, 1, NULL, 1, 739.41, '', '2024-11-08 00:00:00', '0000-00-00 00:00:00', '0000-00-00 00:00:00', '2024-11-29');

-- --------------------------------------------------------

--
-- Table structure for table `purchase_order_items`
--

CREATE TABLE `purchase_order_items` (
  `orderID` bigint(20) UNSIGNED NOT NULL,
  `productID` bigint(20) UNSIGNED NOT NULL,
  `newitemSKU` varchar(255) DEFAULT NULL,
  `deleteditemSKU` varchar(255) DEFAULT NULL,
  `quantity` int(5) NOT NULL,
  `unit_price` decimal(10,2) NOT NULL,
  `extended_price` decimal(10,2) NOT NULL
) ENGINE=InnoDB DEFAULT CHARSET=utf8mb4 COLLATE=utf8mb4_general_ci;

--
-- Dumping data for table `purchase_order_items`
--

INSERT INTO `purchase_order_items` (`orderID`, `productID`, `newitemSKU`, `deleteditemSKU`, `quantity`, `unit_price`, `extended_price`) VALUES
(9, 538, 'Milltec_DBonvCO_PLUG 1068', NULL, 4, 38.00, 152.00),
(9, 308, 'NK-SW-S', NULL, 5, 26.97, 134.85),
(9, 489, 'NK-SW-S', NULL, 5, 26.97, 134.85),
(9, 299, 'PSG-Str-S', NULL, 2, 35.00, 70.00),
(9, 480, 'PSG-Str-S', NULL, 2, 35.00, 70.00),
(10, 538, 'Milltec_DBonvCO_PLUG 1068', NULL, 4, 38.00, 152.00),
(10, 308, 'NK-SW-S', NULL, 5, 26.97, 134.85),
(10, 489, 'NK-SW-S', NULL, 5, 26.97, 134.85),
(10, 299, 'PSG-Str-S', NULL, 2, 35.00, 70.00),
(10, 480, 'PSG-Str-S', NULL, 2, 35.00, 70.00),
(11, 304, 'PSG-AWF-S', NULL, 1, 21.97, 21.97),
(11, 485, 'PSG-AWF-S', NULL, 1, 21.97, 21.97),
(11, 299, 'PSG-Str-S', NULL, 1, 35.00, 35.00),
(11, 480, 'PSG-Str-S', NULL, 1, 35.00, 35.00),
(12, 538, 'Milltec_DBonvCO_PLUG 1068', NULL, 1, 38.00, 38.00),
(12, 562, 'Panasonic_DBattAA_B6', NULL, 1, 215.00, 215.00),
(13, 538, 'Milltec_DBonvCO_PLUG 1068', NULL, 122, 38.00, 4636.00),
(13, 308, 'NK-SW-S', NULL, 1, 26.97, 26.97),
(13, 489, 'NK-SW-S', NULL, 1, 26.97, 26.97),
(14, 303, 'DF-OneLuxe-M', NULL, 20, 36.97, 739.40),
(14, 484, 'DF-OneLuxe-M', NULL, 20, 36.97, 739.40),
(14, 538, 'Milltec_DBonvCO_PLUG 1068', NULL, 18, 38.00, 684.00);

-- --------------------------------------------------------

--
-- Table structure for table `sales`
--

CREATE TABLE `sales` (
  `salesID` bigint(20) UNSIGNED NOT NULL,
  `userID` bigint(20) UNSIGNED NOT NULL,
  `total_paid` decimal(10,2) NOT NULL,
  `timestamp` timestamp NOT NULL DEFAULT current_timestamp() ON UPDATE current_timestamp()
) ENGINE=InnoDB DEFAULT CHARSET=utf8mb4 COLLATE=utf8mb4_general_ci;

--
-- Dumping data for table `sales`
--

INSERT INTO `sales` (`salesID`, `userID`, `total_paid`, `timestamp`) VALUES
(1, 5, 2083.75, '2023-04-06 22:29:00'),
(2, 1, 290.33, '2023-04-28 17:43:00'),
(3, 1, 970.42, '2023-02-22 21:08:00'),
(4, 6, 1513.40, '2023-02-17 14:30:00'),
(5, 8, 3254.18, '2023-10-30 16:29:00'),
(6, 4, 3391.65, '2024-02-20 12:12:00'),
(7, 4, 1872.91, '2024-02-07 10:21:00'),
(8, 5, 1594.42, '2023-09-19 23:20:00'),
(9, 1, 3222.52, '2024-06-10 18:26:00'),
(10, 7, 921.67, '2024-07-12 09:37:00'),
(11, 5, 2430.46, '2024-02-01 02:36:00'),
(12, 5, 3270.17, '2024-09-20 18:17:00'),
(13, 9, 3773.12, '2024-07-17 05:16:00'),
(14, 6, 2437.46, '2024-10-10 05:42:00'),
(15, 6, 2977.41, '2023-07-23 18:14:00'),
(16, 3, 2918.18, '2023-02-24 22:28:00'),
(17, 4, 2268.57, '2023-01-11 00:12:00'),
(18, 4, 2991.58, '2023-02-13 06:26:00'),
(19, 1, 3225.20, '2023-05-19 22:54:00'),
(20, 7, 3972.64, '2024-08-07 23:39:00'),
(21, 6, 3749.45, '2024-03-30 17:57:00'),
(22, 4, 1900.80, '2023-11-18 16:13:00'),
(23, 4, 3849.55, '2024-08-14 00:04:00'),
(24, 6, 3096.08, '2024-04-13 14:49:00'),
(25, 2, 1357.42, '2023-03-01 16:47:00'),
(26, 1, 3780.82, '2023-11-11 00:08:00'),
(27, 4, 57.54, '2023-06-23 10:42:00'),
(28, 9, 288.34, '2024-02-26 12:13:00'),
(29, 9, 3760.78, '2023-05-30 04:43:00'),
(30, 5, 1878.47, '2023-07-19 05:47:00'),
(31, 2, 3668.52, '2024-07-25 14:39:00'),
(32, 8, 2569.59, '2024-10-02 19:44:00'),
(33, 2, 992.22, '2023-09-20 01:07:00'),
(34, 2, 3049.02, '2023-08-14 23:46:00'),
(35, 6, 2084.41, '2023-08-07 18:24:00'),
(36, 2, 3759.67, '2023-03-18 03:13:00'),
(37, 9, 2149.31, '2023-09-06 14:51:00'),
(38, 8, 1241.71, '2024-10-30 10:08:00'),
(39, 2, 2635.80, '2024-05-11 18:31:00'),
(40, 3, 1978.68, '2024-01-25 05:37:00'),
(41, 4, 3196.93, '2024-06-11 22:18:00'),
(42, 3, 3501.98, '2023-03-22 16:10:00'),
(43, 9, 975.47, '2024-06-25 11:42:00'),
(44, 3, 3281.49, '2024-10-01 05:59:00'),
(45, 6, 2361.13, '2023-07-26 09:48:00'),
(46, 4, 1359.88, '2024-04-03 10:57:00'),
(47, 8, 3024.23, '2024-02-29 17:57:00'),
(48, 6, 3885.88, '2023-06-15 02:31:00'),
(49, 7, 227.39, '2024-10-24 04:31:00'),
(50, 1, 2015.60, '2024-10-18 22:46:00'),
(51, 9, 2782.17, '2023-07-25 08:22:00'),
(52, 7, 28.80, '2023-07-24 07:22:00'),
(53, 7, 2173.86, '2023-05-22 17:10:00'),
(54, 3, 2003.94, '2024-07-18 14:56:00'),
(55, 5, 1745.60, '2023-09-10 06:13:00'),
(56, 8, 751.85, '2023-02-02 00:47:00'),
(57, 3, 3739.88, '2023-10-22 09:54:00'),
(58, 5, 1342.39, '2023-03-18 11:04:00'),
(59, 4, 2828.85, '2024-10-26 11:21:00'),
(60, 5, 360.25, '2023-11-23 03:46:00'),
(61, 3, 396.86, '2024-08-02 02:14:00'),
(62, 1, 157.19, '2023-07-15 19:24:00'),
(63, 9, 129.89, '2024-05-04 20:47:00'),
(64, 7, 1649.85, '2023-08-11 07:50:00'),
(65, 7, 1849.61, '2023-06-12 21:00:00'),
(66, 9, 175.86, '2024-07-23 02:06:00'),
(67, 4, 634.34, '2024-04-26 21:14:00'),
(68, 1, 2950.77, '2023-04-27 20:31:00'),
(69, 4, 308.66, '2023-05-24 00:38:00'),
(70, 8, 2683.26, '2024-04-10 18:04:00'),
(71, 6, 1976.81, '2023-03-07 09:47:00'),
(72, 1, 1088.34, '2024-06-23 07:51:00'),
(73, 4, 1560.49, '2023-02-13 16:42:00'),
(74, 6, 92.38, '2024-05-02 22:52:00'),
(75, 4, 1680.91, '2023-05-01 05:21:00'),
(76, 7, 2130.92, '2024-04-25 09:28:00'),
(77, 3, 3151.51, '2024-05-24 13:10:00'),
(78, 2, 950.82, '2024-09-17 11:32:00'),
(79, 9, 99.06, '2024-08-16 20:42:00'),
(80, 6, 53.10, '2024-09-27 01:59:00'),
(81, 6, 795.53, '2023-08-23 14:58:00'),
(82, 9, 3785.41, '2024-03-31 20:41:00'),
(83, 6, 1118.58, '2024-01-02 07:46:00'),
(84, 9, 1428.64, '2023-12-02 16:02:00'),
(85, 5, 3375.94, '2024-03-23 03:30:00'),
(86, 2, 3912.51, '2023-10-05 02:11:00'),
(87, 8, 1850.61, '2023-06-19 17:46:00'),
(88, 8, 1155.71, '2024-05-29 12:13:00'),
(89, 2, 3054.29, '2023-06-23 23:34:00'),
(90, 6, 3271.51, '2024-10-04 06:34:00'),
(91, 9, 1363.76, '2024-06-03 06:49:00'),
(92, 2, 216.72, '2024-01-27 00:47:00'),
(93, 1, 44.68, '2023-05-19 05:05:00'),
(94, 5, 198.43, '2023-02-06 02:14:00'),
(95, 6, 1121.83, '2024-09-08 23:20:00'),
(96, 2, 333.68, '2024-07-19 04:31:00'),
(97, 8, 127.77, '2023-02-25 01:07:00'),
(98, 1, 253.99, '2023-11-17 05:57:00'),
(99, 5, 2420.94, '2024-05-04 07:35:00'),
(100, 8, 1793.16, '2023-05-02 12:46:00'),
(101, 3, 3690.14, '2024-03-04 18:40:00'),
(102, 7, 1077.04, '2024-04-14 04:27:00'),
(103, 1, 663.32, '2023-03-30 08:11:00'),
(104, 7, 2644.87, '2024-02-08 10:29:00'),
(105, 2, 3365.68, '2023-12-28 15:45:00'),
(106, 8, 552.08, '2024-07-22 05:31:00'),
(107, 8, 1902.63, '2024-03-28 18:23:00'),
(108, 2, 2274.95, '2024-10-16 01:25:00'),
(109, 3, 2963.71, '2023-07-01 04:32:00'),
(110, 8, 3141.26, '2023-03-31 08:19:00'),
(111, 1, 232.32, '2023-08-29 06:49:00'),
(112, 8, 2950.31, '2024-09-11 11:56:00'),
(113, 6, 3528.82, '2024-05-07 23:23:00'),
(114, 8, 2208.13, '2024-04-16 12:31:00'),
(115, 6, 2750.59, '2024-06-16 07:43:00'),
(116, 9, 2308.60, '2024-02-25 18:07:00'),
(117, 7, 427.77, '2023-02-08 03:25:00'),
(118, 9, 3458.42, '2023-04-19 11:11:00'),
(119, 5, 3740.68, '2023-09-23 01:56:00'),
(120, 7, 3124.30, '2023-05-24 06:47:00'),
(121, 5, 2369.55, '2024-03-28 10:26:00'),
(122, 7, 99.82, '2023-12-16 00:51:00'),
(123, 9, 281.83, '2024-09-01 23:21:00'),
(124, 5, 102.91, '2023-04-30 19:07:00'),
(125, 2, 3001.56, '2023-10-14 12:18:00'),
(126, 1, 135.94, '2023-07-27 15:15:00'),
(127, 4, 936.02, '2024-05-02 21:04:00'),
(128, 2, 612.69, '2023-08-25 18:31:00'),
(129, 4, 2756.30, '2024-02-15 04:01:00'),
(130, 7, 98.03, '2024-03-04 23:42:00'),
(131, 8, 2047.33, '2023-05-30 21:44:00'),
(132, 7, 3091.39, '2023-03-17 15:12:00'),
(133, 3, 194.33, '2023-04-10 09:46:00'),
(134, 4, 3521.64, '2023-04-19 14:24:00'),
(135, 6, 3208.38, '2024-05-10 11:53:00'),
(136, 6, 179.77, '2024-07-31 09:58:00'),
(137, 3, 2008.93, '2024-10-03 17:11:00'),
(138, 3, 1274.21, '2023-04-09 16:21:00'),
(139, 3, 552.11, '2024-06-09 07:33:00'),
(140, 6, 218.72, '2023-08-07 20:42:00'),
(141, 3, 1091.40, '2023-09-02 00:45:00'),
(142, 4, 2336.62, '2023-11-25 05:35:00'),
(143, 6, 669.96, '2024-04-10 10:24:00'),
(144, 1, 3156.38, '2024-10-13 16:35:00'),
(145, 2, 3514.32, '2024-03-12 21:18:00'),
(146, 5, 1639.71, '2023-04-27 16:58:00'),
(147, 2, 3951.67, '2023-01-20 01:26:00'),
(148, 7, 1996.97, '2024-08-11 05:46:00'),
(149, 5, 3219.99, '2024-10-12 12:58:00'),
(150, 6, 2046.58, '2023-11-23 15:47:00'),
(151, 3, 3691.91, '2024-10-08 18:00:00'),
(152, 9, 146.62, '2024-07-03 02:10:00'),
(153, 4, 2333.53, '2023-07-22 19:12:00'),
(154, 8, 3815.45, '2024-07-12 15:00:00'),
(155, 7, 2653.77, '2024-06-19 20:29:00'),
(156, 5, 3386.18, '2024-06-25 01:41:00'),
(157, 3, 2289.19, '2024-03-08 05:41:00'),
(158, 4, 1847.00, '2023-08-05 04:46:00'),
(159, 5, 3401.21, '2023-10-21 07:51:00'),
(160, 3, 2170.00, '2024-09-15 05:35:00'),
(161, 1, 3662.26, '2023-05-24 00:39:00'),
(162, 4, 3266.71, '2023-12-31 07:01:00'),
(163, 9, 1038.94, '2023-12-25 06:06:00'),
(164, 5, 3218.12, '2024-10-13 10:24:00'),
(165, 1, 2165.28, '2023-11-10 09:05:00'),
(166, 7, 3778.12, '2023-08-22 12:31:00'),
(167, 6, 3661.24, '2023-11-02 00:49:00'),
(168, 5, 3233.99, '2023-03-01 23:45:00'),
(169, 9, 149.92, '2024-05-24 20:44:00'),
(170, 7, 2040.96, '2023-03-31 19:00:00'),
(171, 5, 303.43, '2023-09-30 08:57:00'),
(172, 3, 2074.97, '2023-10-20 17:58:00'),
(173, 6, 1053.17, '2023-05-21 20:39:00'),
(174, 5, 347.15, '2024-08-24 23:07:00'),
(175, 6, 1761.77, '2023-09-16 21:31:00'),
(176, 7, 1435.43, '2024-05-15 16:50:00'),
(177, 5, 2142.12, '2023-11-13 20:36:00'),
(178, 4, 2405.96, '2023-02-15 02:17:00'),
(179, 3, 542.73, '2023-10-09 21:07:00'),
(180, 3, 1461.52, '2023-04-05 14:17:00'),
(181, 1, 3705.56, '2023-09-26 12:43:00'),
(182, 9, 293.80, '2024-04-14 00:16:00'),
(183, 7, 177.30, '2023-06-10 13:11:00'),
(184, 6, 967.39, '2024-09-20 13:58:00'),
(185, 4, 1721.83, '2023-04-12 07:17:00'),
(186, 5, 526.90, '2024-08-03 05:07:00'),
(187, 9, 472.05, '2023-06-25 03:25:00'),
(188, 1, 688.68, '2023-05-07 12:54:00'),
(189, 9, 665.41, '2023-02-19 13:36:00'),
(190, 7, 2437.30, '2023-07-06 03:24:00'),
(191, 7, 378.22, '2023-11-03 04:11:00'),
(192, 9, 3382.18, '2024-05-04 22:11:00'),
(193, 4, 3553.71, '2023-03-22 20:55:00'),
(194, 5, 1574.73, '2023-04-21 06:50:00'),
(195, 5, 3200.99, '2024-09-11 18:07:00'),
(196, 5, 3844.97, '2024-06-10 20:39:00'),
(197, 6, 1755.62, '2024-05-22 13:30:00'),
(198, 7, 2282.71, '2023-11-16 10:44:00'),
(199, 7, 2413.61, '2024-02-11 20:56:00'),
(200, 5, 1958.42, '2023-07-16 01:01:00'),
(201, 8, 362.14, '2023-06-14 22:40:00'),
(202, 2, 3036.09, '2023-09-18 18:23:00'),
(203, 4, 2165.08, '2024-01-08 06:41:00'),
(204, 5, 2369.23, '2023-03-16 01:31:00'),
(205, 2, 611.46, '2024-08-25 15:19:00'),
(206, 8, 2211.67, '2023-12-30 05:27:00'),
(207, 3, 155.43, '2024-02-25 05:24:00'),
(208, 5, 3323.69, '2024-03-21 05:56:00'),
(209, 5, 1312.88, '2023-10-21 03:51:00'),
(210, 4, 2523.18, '2023-09-25 17:43:00'),
(211, 6, 3168.91, '2024-03-19 11:49:00'),
(212, 4, 1884.04, '2023-07-09 03:24:00'),
(213, 9, 1335.76, '2023-01-18 09:02:00'),
(214, 1, 2038.44, '2024-06-24 08:05:00'),
(215, 7, 483.32, '2023-06-25 02:36:00'),
(216, 4, 1700.25, '2023-10-31 16:52:00'),
(217, 2, 2610.44, '2024-09-22 13:47:00'),
(218, 5, 357.25, '2024-09-28 14:32:00'),
(219, 3, 621.47, '2023-10-30 23:56:00'),
(220, 1, 2339.62, '2023-01-27 00:19:00'),
(221, 8, 1278.95, '2024-03-23 15:01:00'),
(222, 6, 3268.97, '2023-09-15 16:17:00'),
(223, 4, 785.11, '2023-07-04 00:35:00'),
(224, 7, 140.50, '2023-08-24 18:30:00'),
(225, 5, 3705.73, '2023-09-06 15:16:00'),
(226, 3, 3915.15, '2023-11-16 10:35:00'),
(227, 7, 3055.48, '2024-07-16 23:39:00'),
(228, 4, 918.42, '2023-11-28 06:54:00'),
(229, 1, 2155.89, '2023-11-26 17:23:00'),
(230, 6, 3152.69, '2023-06-16 01:43:00'),
(231, 2, 2907.14, '2024-01-12 02:08:00'),
(232, 7, 2534.95, '2023-06-12 10:54:00'),
(233, 6, 2561.23, '2024-03-24 08:59:00'),
(234, 1, 32.71, '2024-02-28 20:36:00'),
(235, 2, 3257.11, '2023-05-31 16:35:00'),
(236, 8, 3356.39, '2024-05-05 18:27:00'),
(237, 7, 3419.75, '2024-07-05 06:04:00'),
(238, 4, 1053.88, '2024-04-04 01:41:00'),
(239, 6, 2307.10, '2024-05-17 20:29:00'),
(240, 9, 142.97, '2024-05-14 04:56:00'),
(241, 1, 2397.13, '2023-11-22 06:44:00'),
(242, 6, 923.88, '2023-11-29 06:09:00'),
(243, 2, 3145.95, '2024-05-01 13:18:00'),
(244, 9, 2345.45, '2023-04-18 21:50:00'),
(245, 4, 144.03, '2023-02-12 14:52:00'),
(246, 9, 815.01, '2024-10-11 21:14:00'),
(247, 6, 3265.65, '2023-11-30 23:51:00'),
(248, 3, 1262.64, '2024-07-11 07:03:00'),
(249, 5, 2934.80, '2024-04-25 23:27:00'),
(250, 2, 3299.95, '2024-02-05 04:00:00'),
(251, 5, 1133.60, '2023-01-12 02:38:00'),
(252, 5, 2024.21, '2024-06-04 05:38:00'),
(253, 2, 2601.06, '2023-12-25 07:56:00'),
(254, 6, 1679.29, '2024-04-08 05:35:00'),
(255, 7, 1196.18, '2023-04-07 01:42:00'),
(256, 5, 2582.49, '2023-06-09 14:12:00'),
(257, 3, 250.38, '2023-03-12 14:32:00'),
(258, 7, 594.30, '2023-04-07 19:53:00'),
(259, 1, 831.06, '2023-06-28 18:19:00'),
(260, 9, 1427.74, '2024-10-02 23:53:00'),
(261, 6, 3274.55, '2024-02-29 20:31:00'),
(262, 6, 803.88, '2023-03-21 22:46:00'),
(263, 3, 3452.98, '2023-04-14 18:05:00'),
(264, 1, 3369.09, '2023-05-15 01:12:00'),
(265, 6, 1263.43, '2024-07-26 23:59:00'),
(266, 8, 33.40, '2023-01-13 13:23:00'),
(267, 8, 2311.83, '2024-02-14 00:30:00'),
(268, 2, 3330.48, '2023-11-20 07:11:00'),
(269, 4, 396.52, '2023-03-31 04:49:00'),
(270, 5, 3204.76, '2024-01-10 18:36:00'),
(271, 8, 3414.33, '2024-05-22 00:34:00'),
(272, 8, 3334.17, '2024-09-27 09:38:00'),
(273, 8, 3722.91, '2023-01-10 10:06:00'),
(274, 8, 1513.98, '2024-03-25 03:23:00'),
(275, 1, 1654.89, '2024-02-04 20:46:00'),
(276, 8, 440.60, '2023-04-30 23:23:00'),
(277, 1, 857.21, '2023-10-02 16:22:00'),
(278, 6, 1865.27, '2023-02-26 16:37:00'),
(279, 6, 3817.61, '2024-01-08 22:53:00'),
(280, 3, 1239.41, '2023-09-21 01:12:00'),
(281, 3, 2995.73, '2023-09-04 09:33:00'),
(282, 2, 2237.64, '2023-10-05 07:12:00'),
(283, 6, 2884.48, '2023-12-20 03:38:00'),
(284, 5, 2125.76, '2023-02-16 13:52:00'),
(285, 9, 2216.41, '2024-01-15 22:33:00'),
(286, 1, 2405.22, '2024-02-19 07:19:00'),
(287, 1, 3169.60, '2023-05-15 06:31:00'),
(288, 5, 3853.08, '2023-06-11 00:57:00'),
(289, 6, 2762.95, '2023-09-02 07:09:00'),
(290, 4, 2210.79, '2023-01-04 19:04:00'),
(291, 3, 1687.87, '2023-03-09 00:54:00'),
(292, 5, 1607.30, '2023-07-22 12:51:00'),
(293, 5, 1920.29, '2023-06-15 23:51:00'),
(294, 3, 1809.35, '2023-11-05 18:43:00'),
(295, 2, 3257.04, '2024-10-14 11:34:00'),
(296, 7, 3291.95, '2023-05-13 00:09:00'),
(297, 3, 3275.35, '2024-01-31 15:02:00'),
(298, 6, 441.82, '2023-07-22 00:05:00'),
(299, 9, 2675.35, '2024-10-28 04:28:00'),
(300, 6, 2183.68, '2023-10-29 12:51:00'),
(301, 7, 745.48, '2024-07-10 00:25:00'),
(302, 2, 3116.91, '2024-07-08 16:20:00'),
(303, 2, 2842.58, '2024-05-17 01:22:00'),
(304, 4, 3766.31, '2024-05-30 07:01:00'),
(305, 6, 3260.64, '2024-07-14 02:21:00'),
(306, 5, 3489.00, '2023-01-07 17:59:00'),
(307, 8, 1421.45, '2023-02-27 00:10:00'),
(308, 1, 2459.84, '2024-04-05 01:18:00'),
(309, 2, 585.42, '2024-02-12 19:07:00'),
(310, 6, 625.59, '2024-02-22 04:09:00'),
(311, 7, 881.00, '2023-12-07 15:57:00'),
(312, 4, 3012.69, '2023-04-04 15:24:00'),
(313, 7, 3708.55, '2023-09-26 02:14:00'),
(314, 3, 3271.96, '2023-02-03 06:10:00'),
(315, 5, 3923.12, '2024-04-16 20:54:00'),
(316, 3, 992.17, '2023-08-18 01:53:00'),
(317, 1, 2711.02, '2023-10-31 02:16:00'),
(318, 2, 2707.69, '2023-11-16 11:50:00'),
(319, 8, 1893.62, '2024-08-06 05:04:00'),
(320, 8, 2398.49, '2023-10-22 22:44:00'),
(321, 4, 2126.83, '2023-02-07 00:43:00'),
(322, 7, 846.29, '2024-02-17 03:36:00'),
(323, 7, 1607.05, '2024-05-01 23:20:00'),
(324, 8, 431.11, '2024-03-14 08:08:00'),
(325, 6, 861.12, '2023-06-23 17:39:00'),
(326, 7, 2436.79, '2024-04-18 01:20:00'),
(327, 2, 3723.12, '2024-09-21 10:51:00'),
(328, 4, 718.96, '2023-09-07 01:47:00'),
(329, 1, 961.72, '2023-11-04 23:16:00'),
(330, 5, 2898.70, '2023-03-27 09:40:00'),
(331, 6, 2081.88, '2024-07-03 07:31:00'),
(332, 6, 1917.46, '2023-04-17 09:00:00'),
(333, 6, 1127.43, '2024-02-21 23:53:00'),
(334, 5, 788.52, '2024-09-02 08:37:00'),
(335, 5, 1778.80, '2024-04-22 18:24:00'),
(336, 6, 1009.13, '2024-02-21 17:22:00'),
(337, 7, 3032.79, '2023-04-11 11:04:00'),
(338, 1, 1917.72, '2023-05-02 10:55:00'),
(339, 3, 407.43, '2023-03-28 07:57:00'),
(340, 6, 2726.14, '2023-07-03 02:03:00'),
(341, 7, 2231.41, '2023-04-23 08:16:00'),
(342, 9, 128.70, '2023-06-03 12:03:00'),
(343, 2, 2831.04, '2023-07-17 17:35:00'),
(344, 3, 2384.95, '2024-07-22 16:04:00'),
(345, 6, 808.30, '2023-02-03 09:13:00'),
(346, 4, 559.74, '2023-03-24 19:46:00'),
(347, 8, 843.81, '2023-10-01 18:54:00'),
(348, 6, 185.16, '2023-07-31 08:13:00'),
(349, 1, 1149.34, '2023-05-23 17:13:00'),
(350, 6, 3749.04, '2024-03-21 02:06:00'),
(351, 5, 2059.64, '2024-03-05 00:25:00'),
(352, 3, 2519.75, '2024-05-25 04:21:00'),
(353, 2, 465.08, '2023-11-11 05:53:00'),
(354, 2, 2795.90, '2023-10-28 17:18:00'),
(355, 8, 1783.52, '2024-06-30 04:52:00'),
(356, 6, 2439.89, '2023-06-09 16:32:00'),
(357, 2, 1432.06, '2024-09-21 15:15:00'),
(358, 7, 3825.63, '2023-10-17 00:35:00'),
(359, 5, 3270.20, '2024-01-22 15:13:00'),
(360, 4, 1521.34, '2023-08-23 17:18:00'),
(361, 3, 2101.38, '2024-02-11 21:13:00'),
(362, 5, 1902.48, '2024-04-03 12:18:00'),
(363, 6, 1858.44, '2023-10-16 10:30:00'),
(364, 2, 1898.46, '2023-01-02 04:44:00'),
(365, 2, 2490.78, '2024-04-03 06:19:00'),
(366, 6, 3510.32, '2024-01-24 08:01:00'),
(367, 6, 635.75, '2024-04-16 07:32:00'),
(368, 7, 979.50, '2024-06-26 15:13:00'),
(369, 7, 3410.10, '2024-08-26 08:40:00'),
(370, 8, 1313.54, '2023-02-24 22:53:00'),
(371, 1, 3875.52, '2023-12-29 02:50:00'),
(372, 6, 484.01, '2023-12-21 22:33:00'),
(373, 4, 556.60, '2023-12-20 07:25:00'),
(374, 9, 2092.96, '2024-10-29 01:34:00'),
(375, 7, 3024.94, '2024-10-26 23:05:00'),
(376, 6, 721.46, '2024-06-12 23:46:00'),
(377, 5, 1808.06, '2023-12-17 18:58:00'),
(378, 7, 2123.24, '2023-08-28 03:27:00'),
(379, 5, 1183.05, '2024-08-24 18:41:00'),
(380, 9, 492.34, '2023-11-25 19:54:00'),
(381, 5, 3604.50, '2023-03-27 01:16:00'),
(382, 2, 3023.60, '2024-06-04 13:11:00'),
(383, 2, 2032.54, '2024-06-12 00:11:00'),
(384, 6, 1713.61, '2024-09-26 14:44:00'),
(385, 9, 280.83, '2024-08-23 12:50:00'),
(386, 6, 2954.25, '2024-03-23 12:43:00'),
(387, 4, 935.94, '2024-05-15 14:57:00'),
(388, 4, 896.44, '2024-07-18 06:32:00'),
(389, 8, 3917.90, '2023-08-02 05:34:00'),
(390, 2, 2840.58, '2023-08-09 10:20:00'),
(391, 9, 2567.24, '2024-09-12 14:03:00'),
(392, 3, 1414.36, '2023-12-30 10:48:00'),
(393, 8, 3194.62, '2023-08-26 16:04:00'),
(394, 8, 2317.13, '2023-09-10 01:45:00'),
(395, 3, 560.69, '2024-01-22 01:25:00'),
(396, 5, 606.10, '2024-09-13 01:45:00'),
(397, 8, 526.68, '2023-09-09 22:33:00'),
(398, 9, 2234.19, '2024-02-04 19:50:00'),
(399, 2, 580.36, '2024-04-06 03:04:00'),
(400, 3, 3295.95, '2024-10-08 17:41:00'),
(401, 9, 3837.33, '2023-08-17 00:47:00'),
(402, 6, 1289.65, '2023-06-05 04:39:00'),
(403, 7, 1740.85, '2023-11-03 13:43:00'),
(404, 6, 3993.93, '2024-03-16 23:45:00'),
(405, 5, 2318.58, '2024-09-09 20:06:00'),
(406, 2, 2658.23, '2024-10-23 15:05:00'),
(407, 7, 1011.81, '2023-06-17 03:42:00'),
(408, 7, 1519.88, '2023-02-05 04:37:00'),
(409, 2, 3907.78, '2023-10-27 02:19:00'),
(410, 7, 2851.49, '2023-11-30 10:07:00'),
(411, 7, 1129.01, '2023-11-10 08:08:00'),
(412, 5, 1334.91, '2023-09-30 05:48:00'),
(413, 3, 1377.28, '2023-09-19 16:21:00'),
(414, 4, 3404.03, '2024-03-06 04:12:00'),
(415, 6, 3482.51, '2023-10-17 16:11:00'),
(416, 5, 2779.22, '2024-06-06 23:13:00'),
(417, 5, 2226.70, '2024-01-26 13:58:00'),
(418, 8, 3797.55, '2024-03-09 23:05:00'),
(419, 7, 1902.54, '2023-05-16 18:11:00'),
(420, 6, 221.48, '2023-10-18 20:17:00'),
(421, 4, 381.09, '2024-10-22 02:11:00'),
(422, 4, 3938.41, '2024-05-10 23:08:00'),
(423, 6, 3083.65, '2023-08-27 21:01:00'),
(424, 2, 323.14, '2024-06-27 08:59:00'),
(425, 9, 3018.53, '2023-09-03 06:06:00'),
(426, 6, 808.35, '2024-05-13 05:24:00'),
(427, 2, 83.76, '2023-06-29 13:43:00'),
(428, 3, 333.39, '2024-05-18 07:30:00'),
(429, 3, 3439.99, '2024-08-19 04:57:00'),
(430, 4, 1944.26, '2023-08-21 19:30:00'),
(431, 3, 2518.02, '2023-11-12 08:41:00'),
(432, 9, 1934.37, '2023-05-29 11:59:00'),
(433, 3, 2828.20, '2023-05-21 06:08:00'),
(434, 1, 1974.03, '2024-08-02 13:53:00'),
(435, 1, 850.38, '2024-10-16 16:32:00'),
(436, 3, 3308.63, '2024-10-09 19:45:00'),
(437, 9, 157.71, '2024-10-15 16:33:00'),
(438, 9, 597.70, '2024-07-16 02:23:00'),
(439, 2, 2505.32, '2023-10-02 15:59:00'),
(440, 9, 2002.65, '2023-02-20 15:26:00'),
(441, 5, 635.69, '2024-09-16 09:36:00'),
(442, 1, 619.89, '2024-02-15 09:01:00'),
(443, 5, 3120.08, '2024-08-17 17:54:00'),
(444, 3, 3814.81, '2024-10-30 09:18:00'),
(445, 3, 3791.33, '2024-08-24 16:14:00'),
(446, 2, 3309.12, '2024-03-21 18:56:00'),
(447, 2, 907.46, '2023-08-06 03:37:00'),
(448, 8, 2380.44, '2023-04-02 00:22:00'),
(449, 1, 1833.31, '2024-09-17 00:23:00'),
(450, 1, 1358.75, '2024-05-01 14:13:00'),
(451, 7, 399.48, '2023-10-30 20:01:00'),
(452, 4, 516.12, '2024-03-06 21:21:00'),
(453, 6, 3472.03, '2024-10-12 09:25:00'),
(454, 6, 2468.52, '2023-11-30 16:46:00'),
(455, 5, 3054.14, '2024-01-02 22:05:00'),
(456, 8, 1579.68, '2023-07-03 11:55:00'),
(457, 8, 3826.29, '2024-08-22 06:23:00'),
(458, 3, 2384.98, '2023-07-23 20:44:00'),
(459, 3, 540.74, '2023-09-21 02:08:00'),
(460, 9, 3914.67, '2024-03-17 01:13:00'),
(461, 6, 3773.36, '2024-09-11 16:13:00'),
(462, 3, 510.44, '2023-05-31 00:16:00'),
(463, 7, 446.59, '2023-07-17 02:16:00'),
(464, 1, 251.57, '2023-09-07 13:45:00'),
(465, 2, 2312.94, '2024-05-17 03:20:00'),
(466, 1, 266.33, '2023-11-30 06:10:00'),
(467, 5, 1044.64, '2023-08-09 05:01:00'),
(468, 4, 1615.26, '2023-01-18 04:50:00'),
(469, 9, 695.23, '2023-11-15 02:55:00'),
(470, 7, 3331.18, '2024-05-14 18:40:00'),
(471, 8, 1743.18, '2023-04-11 17:13:00'),
(472, 3, 14.25, '2024-06-25 08:17:00'),
(473, 7, 3642.32, '2023-01-24 13:22:00'),
(474, 3, 3395.11, '2023-04-25 09:23:00'),
(475, 6, 2989.53, '2023-04-24 13:57:00'),
(476, 4, 1818.19, '2024-05-27 04:54:00'),
(477, 8, 1317.63, '2023-10-06 12:47:00'),
(478, 5, 1835.93, '2023-08-01 20:16:00'),
(479, 9, 2908.88, '2024-04-03 06:46:00'),
(480, 8, 967.48, '2023-07-19 18:49:00'),
(481, 8, 15.97, '2024-09-05 07:56:00'),
(482, 7, 1164.19, '2024-05-05 11:22:00'),
(483, 3, 3177.67, '2024-09-10 14:33:00'),
(484, 8, 1852.41, '2023-11-02 18:44:00'),
(485, 1, 2563.79, '2023-09-16 02:33:00'),
(486, 1, 279.33, '2024-03-11 12:52:00'),
(487, 8, 3322.23, '2023-02-05 20:08:00'),
(488, 5, 1544.98, '2024-05-19 03:51:00'),
(489, 4, 1431.42, '2024-08-30 05:22:00'),
(490, 3, 2728.05, '2023-08-13 06:08:00'),
(491, 2, 68.15, '2024-09-22 17:38:00'),
(492, 1, 3647.29, '2024-04-12 18:02:00'),
(493, 6, 840.45, '2023-02-14 11:56:00'),
(494, 5, 192.30, '2024-01-26 10:06:00'),
(495, 3, 3737.87, '2023-12-06 06:51:00'),
(496, 1, 2634.86, '2024-04-06 02:14:00'),
(497, 8, 1881.33, '2024-09-04 07:33:00'),
(498, 7, 3773.30, '2023-05-19 16:46:00'),
(499, 4, 3262.53, '2024-07-26 16:41:00'),
(500, 9, 1906.28, '2023-09-24 02:41:00'),
(501, 8, 1679.29, '2023-02-21 20:07:00'),
(502, 7, 3135.16, '2023-05-21 20:03:00'),
(503, 1, 3332.49, '2024-10-10 17:48:00'),
(504, 3, 19.32, '2024-07-12 17:46:00'),
(505, 1, 1875.32, '2023-06-03 14:17:00'),
(506, 3, 664.48, '2024-06-16 12:46:00'),
(507, 2, 2795.18, '2024-09-26 23:11:00'),
(508, 8, 3281.73, '2023-07-16 07:24:00'),
(509, 9, 12.75, '2023-04-06 11:04:00'),
(510, 7, 251.44, '2024-10-18 16:51:00'),
(511, 5, 3184.56, '2024-08-02 10:19:00'),
(512, 6, 667.50, '2023-06-08 18:07:00'),
(513, 4, 2817.47, '2024-03-03 00:13:00'),
(514, 9, 2232.81, '2024-07-11 16:07:00'),
(515, 7, 914.75, '2023-01-23 21:51:00'),
(516, 1, 3332.54, '2023-08-21 01:30:00'),
(517, 6, 3311.64, '2023-07-08 07:31:00'),
(518, 4, 1122.43, '2024-07-12 11:48:00'),
(519, 2, 831.18, '2024-06-04 04:47:00'),
(520, 4, 1825.48, '2023-03-17 12:50:00'),
(521, 5, 1820.99, '2024-04-19 05:48:00'),
(522, 7, 1017.66, '2024-05-23 23:19:00'),
(523, 7, 2301.88, '2023-08-25 13:44:00'),
(524, 9, 1689.94, '2023-01-05 22:02:00'),
(525, 9, 3208.17, '2023-04-26 05:11:00'),
(526, 8, 3977.47, '2023-02-07 13:45:00'),
(527, 5, 1999.16, '2023-03-30 18:59:00'),
(528, 8, 470.59, '2023-12-28 11:22:00'),
(529, 5, 1709.71, '2024-02-09 05:40:00'),
(530, 1, 731.94, '2024-04-09 12:51:00'),
(531, 7, 2798.56, '2023-05-06 08:47:00'),
(532, 5, 2192.54, '2023-01-03 05:54:00'),
(533, 6, 3836.44, '2023-04-25 23:11:00'),
(534, 4, 146.61, '2023-06-11 05:19:00'),
(535, 4, 3668.60, '2024-07-28 21:40:00'),
(536, 6, 3988.90, '2023-01-08 03:42:00'),
(537, 3, 3789.04, '2023-10-07 17:58:00'),
(538, 7, 492.06, '2023-11-03 05:30:00'),
(539, 3, 1625.05, '2024-08-12 09:25:00'),
(540, 2, 1720.81, '2024-03-06 06:36:00'),
(541, 3, 2976.41, '2023-10-17 12:48:00'),
(542, 4, 1502.09, '2024-02-13 03:53:00'),
(543, 6, 35.32, '2023-01-09 15:49:00'),
(544, 2, 1415.42, '2024-04-09 02:45:00'),
(545, 5, 1478.89, '2023-11-04 02:08:00'),
(546, 6, 1237.37, '2023-12-11 11:16:00'),
(547, 5, 2966.52, '2023-09-01 14:58:00'),
(548, 6, 3761.52, '2023-12-03 07:01:00'),
(549, 5, 1967.38, '2023-01-31 17:34:00'),
(550, 1, 1422.68, '2024-04-03 16:06:00'),
(551, 2, 3593.29, '2023-07-21 18:09:00'),
(552, 9, 2973.64, '2024-05-24 10:35:00'),
(553, 3, 2596.72, '2023-10-23 00:34:00'),
(554, 1, 1676.44, '2023-05-22 15:38:00'),
(555, 9, 2362.43, '2023-07-12 01:04:00'),
(556, 7, 2154.53, '2023-01-19 08:37:00'),
(557, 3, 1393.67, '2023-01-31 03:19:00'),
(558, 9, 1062.45, '2024-03-19 01:41:00'),
(559, 3, 941.19, '2023-05-19 00:03:00'),
(560, 5, 894.22, '2024-03-29 16:39:00'),
(561, 4, 2597.21, '2023-03-20 15:37:00'),
(562, 9, 2983.63, '2024-10-12 11:39:00'),
(563, 8, 2217.01, '2023-02-14 02:35:00'),
(564, 3, 3859.35, '2023-02-07 06:31:00'),
(565, 4, 777.88, '2023-04-29 05:01:00'),
(566, 7, 2768.81, '2023-10-31 05:03:00'),
(567, 6, 2465.52, '2023-11-01 10:02:00'),
(568, 8, 1151.63, '2024-10-15 22:14:00'),
(569, 1, 1103.82, '2023-08-24 08:21:00'),
(570, 8, 1883.02, '2024-06-17 01:03:00'),
(571, 3, 2730.96, '2024-07-02 04:49:00'),
(572, 6, 2121.03, '2023-02-24 23:42:00'),
(573, 2, 3058.65, '2024-08-16 03:37:00'),
(574, 8, 1802.46, '2023-08-22 09:55:00'),
(575, 1, 1905.59, '2023-09-05 01:58:00'),
(576, 9, 3790.52, '2023-08-16 11:31:00'),
(577, 3, 3027.40, '2024-02-07 09:23:00'),
(578, 8, 1436.49, '2024-01-25 04:51:00'),
(579, 7, 3183.04, '2023-01-18 22:48:00'),
(580, 5, 1967.43, '2023-12-21 00:07:00'),
(581, 5, 23.09, '2024-03-21 15:59:00'),
(582, 7, 3373.32, '2024-10-24 01:00:00'),
(583, 3, 1747.59, '2024-02-11 22:46:00'),
(584, 7, 1646.95, '2024-04-02 04:56:00'),
(585, 1, 1451.42, '2024-01-28 18:48:00'),
(586, 9, 2803.60, '2022-12-31 23:21:00'),
(587, 3, 1183.47, '2024-10-06 08:07:00'),
(588, 2, 1869.63, '2023-04-13 07:10:00'),
(589, 5, 3346.70, '2023-07-28 04:20:00'),
(590, 5, 2999.06, '2024-06-27 19:49:00'),
(591, 1, 977.85, '2024-03-18 18:09:00'),
(592, 1, 2079.19, '2024-07-29 08:26:00'),
(593, 2, 1058.48, '2024-04-22 22:49:00'),
(594, 4, 2167.02, '2023-03-10 06:50:00'),
(595, 2, 661.26, '2024-05-28 12:42:00'),
(596, 4, 1738.58, '2023-01-28 22:26:00'),
(597, 2, 1337.57, '2024-03-25 22:18:00'),
(598, 1, 1314.27, '2023-11-19 17:38:00'),
(599, 9, 1920.84, '2023-12-03 03:20:00'),
(600, 9, 138.64, '2024-02-10 20:04:00'),
(601, 4, 802.48, '2023-10-15 07:05:00'),
(602, 1, 1769.29, '2023-04-28 02:32:00'),
(603, 4, 2191.63, '2024-04-17 16:02:00'),
(604, 6, 257.35, '2023-08-24 06:33:00'),
(605, 6, 3581.06, '2023-08-08 23:32:00'),
(606, 3, 1303.37, '2024-03-08 21:59:00'),
(607, 4, 1097.63, '2024-05-06 21:10:00'),
(608, 4, 559.41, '2023-05-17 14:36:00'),
(609, 9, 915.86, '2023-07-11 22:44:00'),
(610, 4, 2545.30, '2024-02-25 05:48:00'),
(611, 9, 3605.51, '2024-05-09 06:19:00'),
(612, 2, 352.55, '2023-07-20 15:25:00'),
(613, 3, 1628.97, '2023-07-12 13:09:00'),
(614, 7, 2206.22, '2023-02-24 05:20:00'),
(615, 4, 2080.75, '2024-06-12 03:30:00'),
(616, 9, 2413.94, '2023-09-27 09:35:00'),
(617, 5, 2003.26, '2023-03-20 22:28:00'),
(618, 2, 1784.66, '2023-11-30 14:46:00'),
(619, 5, 3418.77, '2023-07-23 07:29:00'),
(620, 3, 3737.46, '2023-07-12 17:26:00'),
(621, 8, 227.84, '2023-07-31 03:52:00'),
(622, 6, 1293.21, '2024-02-25 00:17:00'),
(623, 1, 2979.58, '2023-12-23 02:08:00'),
(624, 3, 323.33, '2023-03-15 12:28:00'),
(625, 8, 1566.74, '2024-02-06 13:07:00'),
(626, 2, 2648.53, '2024-01-17 05:12:00'),
(627, 4, 1574.04, '2024-07-19 09:58:00'),
(628, 1, 2013.08, '2023-08-29 20:48:00'),
(629, 5, 1529.82, '2023-12-30 05:12:00'),
(630, 6, 1263.16, '2023-04-01 06:44:00'),
(631, 6, 1242.91, '2023-04-02 12:42:00'),
(632, 1, 3687.13, '2024-10-04 17:13:00'),
(633, 9, 1034.55, '2024-08-11 09:23:00'),
(634, 3, 3262.02, '2023-12-29 16:04:00'),
(635, 8, 1777.05, '2023-06-08 06:54:00'),
(636, 1, 2379.70, '2023-09-17 09:51:00'),
(637, 4, 3520.41, '2023-04-04 15:46:00'),
(638, 3, 2247.31, '2023-08-28 07:25:00'),
(639, 9, 2948.10, '2024-01-24 20:49:00'),
(640, 8, 687.11, '2023-02-18 05:20:00'),
(641, 3, 3233.20, '2024-09-10 11:12:00'),
(642, 9, 3804.45, '2023-03-08 13:54:00'),
(643, 5, 2261.75, '2023-03-10 06:24:00'),
(644, 2, 640.41, '2024-08-26 18:05:00'),
(645, 5, 1954.87, '2023-03-04 07:36:00'),
(646, 1, 649.91, '2023-09-14 10:28:00'),
(647, 7, 3944.17, '2024-06-28 18:08:00'),
(648, 4, 607.98, '2024-07-15 20:56:00'),
(649, 7, 112.33, '2024-07-29 11:30:00'),
(650, 4, 984.97, '2023-03-02 02:43:00'),
(651, 9, 2053.25, '2024-09-02 01:47:00'),
(652, 1, 3200.46, '2023-04-28 04:10:00'),
(653, 2, 2944.16, '2023-06-14 04:50:00'),
(654, 2, 79.14, '2024-08-11 10:51:00'),
(655, 5, 2419.08, '2024-04-11 01:30:00'),
(656, 2, 552.32, '2023-12-25 22:20:00'),
(657, 4, 1655.93, '2023-09-21 00:58:00'),
(658, 6, 2502.22, '2024-07-05 15:14:00'),
(659, 8, 3398.63, '2023-12-17 20:57:00'),
(660, 8, 1254.08, '2023-04-21 11:15:00'),
(661, 1, 2442.08, '2023-02-26 12:47:00'),
(662, 8, 2674.95, '2024-05-29 21:54:00'),
(663, 5, 2140.32, '2024-08-22 06:09:00'),
(664, 6, 998.83, '2023-02-07 01:43:00'),
(665, 7, 2564.84, '2023-07-27 16:14:00'),
(666, 5, 3354.12, '2023-04-07 11:21:00'),
(667, 8, 1731.60, '2024-07-09 08:49:00'),
(668, 9, 490.43, '2024-07-24 06:35:00'),
(669, 5, 1540.73, '2023-06-13 14:08:00'),
(670, 9, 2432.51, '2024-03-07 11:22:00'),
(671, 5, 1442.74, '2024-10-06 02:21:00'),
(672, 7, 2427.88, '2023-01-25 05:23:00'),
(673, 4, 93.96, '2024-08-13 23:20:00'),
(674, 8, 1690.31, '2023-10-23 00:48:00'),
(675, 2, 1386.80, '2023-12-24 08:02:00'),
(676, 9, 2456.18, '2024-03-21 04:38:00'),
(677, 2, 539.92, '2024-08-22 16:30:00'),
(678, 2, 648.37, '2024-03-20 21:47:00'),
(679, 2, 1411.46, '2024-06-17 01:49:00'),
(680, 6, 3531.71, '2023-04-30 06:54:00'),
(681, 6, 207.38, '2024-03-19 18:13:00'),
(682, 7, 287.80, '2023-05-11 17:09:00'),
(683, 1, 3526.93, '2024-06-24 13:16:00'),
(684, 6, 732.88, '2024-10-26 03:40:00'),
(685, 8, 3392.02, '2024-01-10 04:16:00'),
(686, 7, 3971.34, '2024-08-01 12:38:00'),
(687, 5, 2914.73, '2024-05-19 03:19:00'),
(688, 5, 3140.86, '2023-10-14 23:15:00'),
(689, 2, 3709.09, '2024-03-18 13:51:00'),
(690, 8, 672.41, '2024-06-09 07:50:00'),
(691, 9, 1701.36, '2024-04-25 21:44:00'),
(692, 1, 920.83, '2023-12-13 03:52:00'),
(693, 7, 2451.68, '2024-01-12 18:22:00'),
(694, 6, 2478.57, '2023-05-16 06:25:00'),
(695, 1, 2324.27, '2023-06-04 05:00:00'),
(696, 1, 1686.02, '2023-01-29 14:38:00'),
(697, 5, 2036.57, '2023-12-17 02:47:00'),
(698, 9, 2101.47, '2024-03-12 04:48:00'),
(699, 2, 562.32, '2023-09-13 00:15:00'),
(700, 8, 1851.13, '2024-09-19 23:14:00'),
(701, 7, 558.34, '2023-10-17 09:33:00'),
(702, 4, 2431.06, '2023-02-16 02:05:00'),
(703, 4, 426.85, '2023-12-05 23:23:00'),
(704, 3, 2292.41, '2023-04-11 14:15:00'),
(705, 3, 3937.89, '2024-02-23 10:07:00'),
(706, 2, 903.16, '2023-11-04 16:14:00'),
(707, 7, 1806.01, '2024-04-01 11:24:00'),
(708, 6, 3717.70, '2023-05-05 18:46:00'),
(709, 9, 147.79, '2023-02-03 03:03:00'),
(710, 1, 2913.30, '2023-07-29 02:36:00'),
(711, 3, 3331.06, '2023-10-30 17:19:00'),
(712, 8, 536.37, '2024-01-17 19:32:00'),
(713, 9, 401.51, '2023-09-13 16:40:00'),
(714, 8, 3957.76, '2024-08-22 08:50:00'),
(715, 7, 2318.55, '2023-11-25 18:06:00'),
(716, 9, 1854.74, '2024-05-17 20:03:00'),
(717, 8, 1862.18, '2023-05-21 12:54:00'),
(718, 5, 3189.94, '2023-12-23 04:53:00'),
(719, 3, 3973.51, '2023-05-28 20:00:00'),
(720, 9, 199.07, '2024-08-07 01:03:00'),
(721, 9, 1768.54, '2023-07-17 03:08:00'),
(722, 7, 2261.10, '2024-07-24 23:47:00'),
(723, 6, 172.41, '2024-04-25 23:43:00'),
(724, 2, 1967.18, '2023-11-26 16:03:00'),
(725, 7, 334.15, '2023-07-08 01:37:00'),
(726, 8, 3384.91, '2023-04-06 06:03:00'),
(727, 1, 375.01, '2024-03-23 17:58:00'),
(728, 3, 1604.93, '2023-10-21 21:22:00'),
(729, 1, 1909.46, '2024-05-02 02:35:00'),
(730, 6, 3081.55, '2024-05-16 06:15:00'),
(731, 6, 36.67, '2024-04-15 05:13:00'),
(732, 6, 29.59, '2024-07-16 10:29:00'),
(733, 2, 2675.44, '2023-07-25 19:43:00'),
(734, 7, 247.84, '2024-06-10 08:11:00'),
(735, 1, 1182.59, '2024-01-14 17:48:00'),
(736, 3, 113.76, '2024-03-11 10:44:00'),
(737, 5, 233.46, '2024-01-24 02:11:00'),
(738, 8, 3499.60, '2024-01-19 21:38:00'),
(739, 6, 965.25, '2024-05-07 00:09:00'),
(740, 4, 2567.30, '2024-04-02 11:10:00'),
(741, 9, 1505.61, '2023-02-20 15:03:00'),
(742, 9, 1009.72, '2024-09-02 20:54:00'),
(743, 3, 1477.67, '2023-12-07 23:21:00'),
(744, 9, 969.14, '2023-05-10 20:46:00'),
(745, 5, 3320.03, '2023-10-06 11:17:00'),
(746, 1, 673.90, '2023-03-23 12:53:00'),
(747, 4, 3844.67, '2023-03-06 00:18:00'),
(748, 9, 268.24, '2023-10-13 02:16:00'),
(749, 1, 565.52, '2023-02-03 22:05:00'),
(750, 7, 2346.51, '2024-01-07 13:10:00'),
(751, 8, 1585.04, '2024-03-03 04:04:00'),
(752, 8, 1227.10, '2023-05-19 13:52:00'),
(753, 6, 1282.86, '2024-08-01 07:28:00'),
(754, 2, 2713.12, '2023-04-26 13:51:00'),
(755, 2, 1850.90, '2023-05-17 20:16:00'),
(756, 7, 3524.89, '2023-05-20 06:40:00'),
(757, 7, 1885.46, '2024-06-12 14:30:00'),
(758, 9, 3654.37, '2024-08-18 02:21:00'),
(759, 7, 2075.55, '2024-07-19 00:35:00'),
(760, 3, 1803.21, '2024-02-19 05:05:00'),
(761, 8, 2897.10, '2024-04-18 13:01:00'),
(762, 8, 212.00, '2023-10-18 11:37:00'),
(763, 4, 3467.72, '2024-05-20 11:54:00'),
(764, 8, 3166.64, '2024-05-25 21:49:00'),
(765, 8, 1654.45, '2024-09-12 22:44:00'),
(766, 4, 1480.39, '2023-09-11 12:43:00'),
(767, 6, 1918.35, '2023-06-14 12:04:00'),
(768, 1, 3461.40, '2024-09-16 20:05:00'),
(769, 1, 20.48, '2024-07-27 11:26:00'),
(770, 6, 3945.78, '2024-03-09 06:05:00'),
(771, 2, 1480.80, '2024-03-31 11:49:00'),
(772, 7, 543.48, '2023-04-25 05:21:00'),
(773, 3, 1304.83, '2024-08-03 03:16:00'),
(774, 4, 3283.63, '2023-11-28 09:19:00'),
(775, 7, 2060.41, '2023-09-03 08:40:00'),
(776, 4, 1976.96, '2023-07-02 06:22:00'),
(777, 9, 2141.25, '2023-09-09 03:21:00'),
(778, 9, 3164.16, '2024-03-12 09:21:00'),
(779, 5, 621.51, '2024-03-01 12:01:00'),
(780, 1, 117.99, '2024-09-07 13:52:00'),
(781, 1, 3771.78, '2024-03-22 21:16:00'),
(782, 3, 74.77, '2023-03-06 13:25:00'),
(783, 1, 2566.96, '2024-07-02 15:37:00'),
(784, 2, 2000.65, '2023-07-16 13:13:00'),
(785, 2, 1455.77, '2024-08-24 21:22:00'),
(786, 5, 2049.87, '2023-01-25 12:00:00'),
(787, 4, 1406.88, '2023-07-04 19:24:00'),
(788, 9, 2182.39, '2024-06-26 09:49:00'),
(789, 7, 2647.29, '2023-10-21 05:24:00'),
(790, 6, 3456.82, '2024-04-04 03:16:00'),
(791, 3, 817.38, '2024-05-09 06:44:00'),
(792, 1, 1425.81, '2023-10-03 00:23:00'),
(793, 3, 3536.47, '2023-04-12 12:07:00'),
(794, 6, 2805.05, '2024-10-15 09:44:00'),
(795, 7, 1279.46, '2024-01-02 22:43:00'),
(796, 2, 504.86, '2024-01-06 12:06:00'),
(797, 9, 3992.45, '2023-08-11 09:16:00'),
(798, 5, 2988.04, '2024-04-13 14:30:00'),
(799, 7, 3841.70, '2023-05-29 12:36:00'),
(800, 2, 533.91, '2023-01-09 07:39:00'),
(801, 3, 781.12, '2023-02-23 09:04:00'),
(802, 4, 2197.68, '2023-07-11 07:13:00'),
(803, 6, 2060.72, '2024-01-13 01:10:00'),
(804, 6, 2075.99, '2023-06-08 04:02:00'),
(805, 8, 1846.20, '2024-08-31 17:18:00'),
(806, 6, 2418.38, '2024-07-26 02:18:00'),
(807, 4, 1089.52, '2024-01-27 18:56:00'),
(808, 3, 378.22, '2023-07-18 07:49:00'),
(809, 5, 1167.51, '2023-09-17 03:11:00'),
(810, 8, 275.79, '2024-01-18 16:36:00'),
(811, 2, 1843.53, '2023-09-17 22:22:00'),
(812, 9, 3951.71, '2023-12-25 12:10:00'),
(813, 7, 2275.35, '2023-05-29 15:11:00'),
(814, 7, 3932.95, '2023-06-17 00:05:00'),
(815, 4, 1110.70, '2023-02-27 12:10:00'),
(816, 6, 137.67, '2023-12-11 14:02:00'),
(817, 4, 3018.51, '2023-10-01 23:42:00'),
(818, 8, 3959.57, '2023-12-11 05:46:00'),
(819, 3, 84.61, '2023-08-05 12:28:00'),
(820, 3, 203.91, '2023-10-28 05:01:00'),
(821, 7, 51.48, '2023-04-22 05:18:00'),
(822, 1, 3943.22, '2024-01-08 08:33:00'),
(823, 9, 1553.58, '2023-02-20 01:23:00'),
(824, 9, 1121.34, '2023-08-06 21:42:00'),
(825, 9, 655.06, '2024-10-04 19:38:00'),
(826, 7, 3741.01, '2024-06-30 14:54:00'),
(827, 1, 1696.45, '2024-06-19 21:05:00'),
(828, 8, 3327.49, '2023-07-16 18:44:00'),
(829, 5, 2748.23, '2023-05-30 07:28:00'),
(830, 8, 2249.72, '2023-10-22 01:10:00'),
(831, 4, 3852.17, '2024-06-10 02:17:00'),
(832, 1, 2602.22, '2024-09-14 12:15:00'),
(833, 7, 1042.13, '2024-01-24 05:16:00'),
(834, 1, 499.53, '2023-12-11 12:16:00'),
(835, 7, 1972.01, '2024-10-03 23:25:00'),
(836, 2, 2027.74, '2024-07-29 05:53:00'),
(837, 4, 2087.50, '2023-02-17 11:28:00'),
(838, 3, 2851.03, '2023-10-23 04:11:00'),
(839, 5, 3145.06, '2024-01-10 07:21:00'),
(840, 1, 3268.16, '2023-09-22 18:54:00'),
(841, 9, 1163.57, '2023-05-26 04:25:00'),
(842, 5, 1312.02, '2023-05-04 04:46:00'),
(843, 7, 1057.43, '2023-06-14 06:44:00'),
(844, 2, 1387.21, '2023-07-15 13:58:00'),
(845, 3, 656.67, '2023-10-05 12:05:00'),
(846, 3, 546.40, '2023-04-15 05:17:00'),
(847, 4, 2400.71, '2023-12-12 15:47:00'),
(848, 4, 3865.62, '2023-09-29 13:47:00'),
(849, 7, 1712.58, '2024-08-21 09:32:00'),
(850, 3, 3422.48, '2024-10-16 18:26:00'),
(851, 9, 2234.77, '2024-06-08 15:51:00'),
(852, 2, 972.59, '2023-10-02 03:11:00'),
(853, 3, 532.82, '2024-01-19 01:52:00'),
(854, 5, 1995.50, '2023-09-18 14:29:00'),
(855, 5, 3199.81, '2023-12-07 07:10:00'),
(856, 7, 1372.48, '2023-10-09 03:09:00'),
(857, 7, 187.47, '2024-03-24 09:03:00'),
(858, 9, 1752.38, '2024-05-20 18:03:00'),
(859, 3, 3535.90, '2023-02-05 20:54:00'),
(860, 4, 1049.65, '2023-12-30 14:56:00'),
(861, 5, 156.07, '2023-02-11 15:41:00'),
(862, 2, 501.42, '2024-03-23 01:28:00'),
(863, 4, 2288.54, '2023-03-06 20:42:00'),
(864, 3, 3011.54, '2023-12-10 18:54:00'),
(865, 1, 3497.60, '2024-02-04 19:30:00'),
(866, 2, 1717.41, '2023-05-19 20:16:00'),
(867, 6, 2266.53, '2024-03-08 21:24:00'),
(868, 4, 1174.41, '2023-02-07 21:54:00'),
(869, 1, 66.82, '2023-09-28 01:05:00'),
(870, 2, 977.86, '2024-03-04 13:55:00'),
(871, 2, 3270.11, '2023-01-07 06:41:00'),
(872, 1, 885.09, '2023-07-30 13:12:00'),
(873, 6, 1545.86, '2024-03-21 00:08:00'),
(874, 7, 380.93, '2023-05-26 03:43:00'),
(875, 9, 1416.89, '2023-09-26 05:51:00'),
(876, 6, 3488.21, '2023-10-18 00:27:00'),
(877, 9, 1890.15, '2024-06-15 23:38:00'),
(878, 4, 3638.80, '2023-10-05 11:59:00'),
(879, 7, 3167.13, '2023-01-20 12:23:00'),
(880, 5, 1059.86, '2023-02-04 06:10:00'),
(881, 7, 1647.09, '2023-07-15 17:37:00'),
(882, 2, 2425.63, '2023-06-13 18:57:00'),
(883, 3, 621.43, '2023-11-12 04:49:00'),
(884, 8, 3824.28, '2024-08-18 14:24:00'),
(885, 1, 2981.48, '2024-02-26 19:15:00'),
(886, 5, 1583.27, '2023-03-29 00:31:00'),
(887, 3, 1082.45, '2023-07-29 00:57:00'),
(888, 4, 564.30, '2024-04-29 14:16:00'),
(889, 5, 1674.33, '2023-06-27 09:39:00'),
(890, 2, 1379.77, '2023-05-02 05:27:00'),
(891, 2, 1289.87, '2024-06-28 16:21:00'),
(892, 7, 495.89, '2023-07-20 01:25:00'),
(893, 6, 3557.68, '2024-08-22 18:38:00'),
(894, 1, 2039.88, '2024-01-18 10:07:00'),
(895, 1, 838.36, '2024-04-14 07:24:00'),
(896, 9, 2915.31, '2023-05-29 06:58:00'),
(897, 4, 3732.84, '2023-12-02 18:42:00'),
(898, 2, 1379.85, '2024-01-26 21:27:00'),
(899, 8, 534.54, '2023-12-07 19:49:00'),
(900, 4, 3830.39, '2023-12-11 02:41:00'),
(901, 6, 3494.80, '2023-12-03 16:17:00'),
(902, 4, 2515.31, '2023-03-17 01:14:00'),
(903, 7, 2313.01, '2024-08-17 06:32:00'),
(904, 5, 850.76, '2024-09-22 20:50:00'),
(905, 3, 3438.56, '2023-12-21 15:19:00'),
(906, 8, 1883.74, '2023-06-13 16:32:00'),
(907, 1, 3467.48, '2023-03-23 12:43:00'),
(908, 8, 17.99, '2024-06-07 17:14:00'),
(909, 3, 1469.49, '2024-06-15 16:34:00'),
(910, 6, 1682.42, '2024-01-19 10:15:00'),
(911, 6, 3303.70, '2023-03-29 03:33:00'),
(912, 7, 3034.33, '2024-07-24 05:38:00'),
(913, 6, 3937.57, '2023-02-17 11:43:00'),
(914, 7, 1807.84, '2023-10-15 02:42:00'),
(915, 8, 469.30, '2023-11-04 03:31:00'),
(916, 8, 1274.93, '2024-03-03 02:55:00'),
(917, 7, 2337.37, '2023-09-22 12:04:00'),
(918, 5, 494.57, '2023-09-06 06:45:00'),
(919, 4, 2332.95, '2023-01-09 10:52:00'),
(920, 3, 472.21, '2023-01-27 14:00:00'),
(921, 3, 2691.67, '2023-11-30 10:13:00'),
(922, 3, 480.98, '2023-10-13 02:49:00'),
(923, 5, 2523.87, '2024-08-26 17:58:00'),
(924, 1, 2739.34, '2024-09-13 06:50:00'),
(925, 9, 2427.26, '2023-10-03 12:23:00'),
(926, 2, 2828.32, '2024-04-11 09:31:00'),
(927, 4, 2330.23, '2023-03-27 18:43:00'),
(928, 2, 2314.51, '2024-03-24 10:09:00'),
(929, 2, 606.09, '2023-05-31 23:41:00'),
(930, 5, 571.24, '2024-06-13 08:59:00'),
(931, 8, 2864.66, '2024-02-02 13:37:00'),
(932, 2, 2040.94, '2023-12-13 17:35:00'),
(933, 1, 1424.72, '2023-03-31 15:40:00'),
(934, 7, 1715.86, '2023-06-21 01:00:00'),
(935, 8, 501.54, '2024-06-10 05:54:00'),
(936, 2, 1853.36, '2024-07-10 05:19:00'),
(937, 2, 2232.74, '2023-05-04 00:49:00'),
(938, 7, 3437.28, '2024-05-12 22:50:00'),
(939, 7, 2655.53, '2023-09-03 08:27:00'),
(940, 1, 2097.37, '2023-12-24 22:19:00'),
(941, 3, 3808.10, '2023-07-04 16:33:00'),
(942, 9, 190.92, '2023-07-04 18:12:00'),
(943, 5, 3407.34, '2024-09-02 13:13:00'),
(944, 5, 1064.85, '2023-09-22 17:56:00'),
(945, 4, 1058.67, '2023-02-06 23:42:00'),
(946, 2, 3295.16, '2023-01-11 15:42:00'),
(947, 5, 3142.66, '2023-09-15 02:00:00'),
(948, 6, 3429.13, '2024-08-03 20:13:00'),
(949, 4, 287.20, '2024-08-08 02:07:00'),
(950, 7, 942.22, '2023-02-16 08:00:00'),
(951, 4, 1610.47, '2023-08-15 08:02:00'),
(952, 3, 617.58, '2024-08-29 16:11:00'),
(953, 7, 523.42, '2023-07-25 17:55:00'),
(954, 2, 1382.97, '2024-04-27 19:44:00'),
(955, 4, 3906.13, '2023-07-20 06:59:00'),
(956, 1, 447.03, '2023-07-17 09:48:00'),
(957, 5, 3413.52, '2023-04-03 15:13:00'),
(958, 9, 1753.24, '2024-03-16 19:19:00'),
(959, 2, 1103.94, '2023-10-26 19:39:00'),
(960, 7, 2213.73, '2024-04-19 22:09:00'),
(961, 4, 278.98, '2024-03-09 00:15:00'),
(962, 6, 1740.04, '2023-11-30 06:47:00'),
(963, 8, 2912.81, '2024-10-09 22:42:00'),
(964, 2, 655.32, '2023-05-06 20:15:00'),
(965, 8, 533.60, '2023-08-13 06:02:00'),
(966, 8, 3249.42, '2024-10-08 01:48:00'),
(967, 6, 3066.29, '2023-06-18 19:56:00'),
(968, 9, 2211.85, '2023-03-30 14:29:00'),
(969, 3, 1379.26, '2023-09-25 12:25:00'),
(970, 1, 2975.17, '2023-07-31 06:16:00'),
(971, 9, 2567.08, '2023-04-02 20:12:00'),
(972, 6, 1540.78, '2023-08-20 22:10:00'),
(973, 3, 431.03, '2023-02-27 10:41:00'),
(974, 4, 3220.42, '2023-03-18 07:08:00'),
(975, 9, 1320.21, '2023-01-14 18:30:00'),
(976, 2, 3738.60, '2024-07-08 03:19:00'),
(977, 6, 2765.28, '2023-02-16 02:46:00'),
(978, 4, 604.84, '2024-07-27 16:33:00'),
(979, 8, 1563.22, '2024-07-06 19:10:00'),
(980, 5, 1111.43, '2024-03-18 10:00:00'),
(981, 9, 1527.87, '2023-11-26 03:15:00'),
(982, 9, 2783.58, '2023-08-24 09:03:00'),
(983, 6, 3423.27, '2023-06-15 00:37:00'),
(984, 5, 3814.91, '2024-07-22 05:33:00'),
(985, 9, 3822.48, '2023-01-17 01:06:00'),
(986, 6, 1678.47, '2023-10-28 18:55:00'),
(987, 4, 559.05, '2023-03-26 08:08:00'),
(988, 3, 3950.59, '2024-04-30 11:51:00'),
(989, 5, 2764.61, '2024-02-14 12:52:00'),
(990, 5, 3677.42, '2023-05-11 12:15:00'),
(991, 2, 3492.25, '2023-09-20 03:32:00'),
(992, 6, 760.37, '2024-07-05 20:36:00'),
(993, 4, 3538.29, '2024-10-21 00:40:00'),
(994, 5, 130.42, '2023-03-12 17:21:00'),
(995, 9, 2706.81, '2023-10-27 14:03:00'),
(996, 2, 623.65, '2023-02-12 18:26:00'),
(997, 7, 1718.27, '2024-09-04 00:13:00'),
(998, 3, 1001.76, '2024-05-22 10:09:00'),
(999, 8, 2595.47, '2023-09-05 15:17:00'),
(1000, 1, 117.55, '2023-08-09 03:06:00');

-- --------------------------------------------------------

--
-- Table structure for table `sales_item_link`
--

CREATE TABLE `sales_item_link` (
  `salesID` bigint(20) UNSIGNED NOT NULL,
  `productID` bigint(20) UNSIGNED NOT NULL,
  `quantity_bought` int(5) NOT NULL
) ENGINE=InnoDB DEFAULT CHARSET=utf8mb4 COLLATE=utf8mb4_general_ci;

--
-- Dumping data for table `sales_item_link`
--

INSERT INTO `sales_item_link` (`salesID`, `productID`, `quantity_bought`) VALUES
(342, 230, 23),
(81, 261, 45),
(675, 515, 67),
(965, 191, 24),
(95, 244, 30),
(600, 513, 9),
(630, 315, 64),
(294, 568, 40),
(82, 216, 35),
(993, 450, 22),
(816, 193, 63),
(91, 426, 2),
(323, 510, 77),
(316, 334, 34),
(696, 97, 72),
(660, 195, 80),
(414, 496, 21),
(853, 41, 94),
(792, 194, 52),
(810, 114, 76),
(734, 117, 12),
(664, 429, 29),
(67, 255, 37),
(531, 255, 87),
(35, 537, 48),
(725, 260, 86),
(161, 440, 93),
(548, 366, 93),
(243, 38, 84),
(94, 471, 78),
(715, 480, 58),
(522, 154, 15),
(208, 56, 46),
(632, 189, 96),
(386, 471, 69),
(343, 185, 96),
(592, 131, 14),
(207, 565, 69),
(224, 150, 51),
(279, 253, 32),
(684, 333, 23),
(615, 489, 60),
(211, 362, 47),
(787, 312, 54),
(772, 338, 92),
(889, 339, 65),
(162, 564, 14),
(561, 552, 25),
(678, 517, 2),
(870, 46, 23),
(857, 39, 46),
(994, 433, 85),
(158, 296, 46),
(805, 501, 99),
(790, 365, 89),
(940, 256, 82),
(9, 313, 10),
(356, 376, 75),
(477, 387, 17),
(475, 519, 50),
(486, 118, 16),
(293, 223, 60),
(807, 524, 46),
(208, 544, 32),
(31, 316, 63),
(452, 203, 23),
(768, 60, 25),
(128, 487, 78),
(36, 328, 43),
(391, 401, 75),
(664, 93, 39),
(564, 498, 24),
(710, 276, 60),
(998, 577, 55),
(920, 536, 10),
(101, 86, 63),
(2, 518, 63),
(505, 101, 92),
(874, 16, 88),
(14, 307, 14),
(421, 46, 31),
(188, 560, 64),
(361, 554, 99),
(417, 155, 47),
(615, 348, 40),
(728, 86, 22),
(718, 543, 64),
(155, 143, 59),
(72, 528, 83),
(428, 371, 84),
(468, 363, 38),
(501, 364, 6),
(75, 235, 72),
(832, 293, 36),
(91, 297, 31),
(11, 206, 27),
(454, 316, 15),
(8, 8, 85),
(985, 254, 14),
(739, 39, 58),
(945, 67, 15),
(998, 153, 56),
(868, 510, 99),
(166, 82, 89),
(528, 384, 77),
(320, 86, 81),
(977, 336, 72),
(452, 301, 37),
(326, 526, 2),
(753, 10, 25),
(505, 433, 11),
(179, 531, 41),
(282, 306, 82),
(682, 174, 91),
(689, 414, 54),
(645, 13, 57),
(75, 71, 69),
(731, 202, 65),
(175, 252, 12),
(454, 256, 36),
(643, 179, 68),
(399, 209, 91),
(254, 408, 71),
(675, 1, 17),
(880, 168, 23),
(135, 147, 6),
(491, 54, 49),
(998, 231, 90),
(509, 377, 3),
(189, 444, 47),
(355, 69, 7),
(679, 560, 19),
(239, 21, 11),
(701, 519, 58),
(978, 540, 10),
(129, 50, 98),
(419, 343, 88),
(734, 294, 91),
(259, 422, 9),
(180, 550, 18),
(926, 193, 19),
(126, 407, 83),
(416, 472, 12),
(810, 109, 100),
(979, 557, 95),
(228, 12, 69),
(162, 499, 77),
(961, 301, 63),
(153, 224, 69),
(818, 324, 64),
(984, 90, 14),
(294, 497, 18),
(224, 521, 84),
(336, 107, 84),
(801, 365, 21),
(624, 85, 27),
(43, 380, 8),
(496, 507, 94),
(138, 516, 55),
(271, 59, 70),
(34, 136, 31),
(897, 126, 1),
(258, 539, 93),
(722, 360, 3),
(108, 364, 18),
(980, 220, 35),
(709, 508, 2),
(472, 86, 31),
(268, 131, 50),
(540, 466, 25),
(23, 132, 14),
(723, 309, 42),
(962, 317, 91),
(235, 72, 79),
(274, 220, 67),
(732, 300, 49),
(35, 189, 65),
(94, 545, 16),
(877, 285, 32),
(15, 122, 55),
(842, 208, 77),
(825, 545, 30),
(941, 579, 8),
(830, 423, 28),
(955, 149, 18),
(674, 7, 84),
(669, 541, 4),
(328, 454, 58),
(494, 30, 33),
(821, 239, 72),
(874, 164, 98),
(689, 187, 48),
(455, 254, 16),
(12, 132, 53),
(752, 207, 7),
(438, 259, 70),
(325, 77, 56),
(342, 309, 83),
(976, 469, 77),
(890, 549, 97),
(89, 6, 91),
(686, 46, 89),
(134, 386, 80),
(540, 234, 68),
(308, 91, 26),
(770, 337, 68),
(456, 495, 96),
(75, 123, 37),
(586, 286, 55),
(828, 573, 45),
(757, 342, 93),
(806, 64, 69),
(507, 374, 9),
(325, 394, 14),
(348, 104, 36),
(451, 238, 44),
(311, 192, 84),
(911, 246, 45),
(230, 202, 39),
(147, 479, 73),
(267, 36, 54),
(371, 236, 100),
(252, 65, 44),
(207, 481, 98),
(688, 261, 40),
(279, 111, 22),
(281, 266, 43),
(209, 298, 81),
(374, 46, 47),
(304, 321, 58),
(117, 374, 24),
(668, 116, 41),
(180, 114, 89),
(989, 392, 27),
(327, 408, 60),
(37, 494, 38),
(453, 71, 16),
(155, 508, 43),
(507, 355, 79),
(804, 179, 99),
(258, 353, 12),
(425, 210, 9),
(46, 124, 3),
(347, 263, 100),
(1, 95, 67),
(929, 265, 17),
(948, 263, 24),
(823, 459, 71),
(417, 62, 91),
(428, 177, 69),
(602, 132, 23),
(172, 230, 47),
(532, 517, 48),
(733, 363, 41),
(554, 484, 93),
(708, 84, 78),
(87, 263, 82),
(675, 213, 98),
(91, 318, 32),
(501, 172, 23),
(925, 35, 43),
(714, 53, 57),
(453, 278, 57),
(816, 457, 69),
(320, 429, 36),
(318, 404, 54),
(898, 545, 66),
(807, 325, 66),
(76, 137, 62),
(99, 179, 51),
(856, 539, 66),
(102, 84, 18),
(219, 170, 44),
(604, 369, 21),
(114, 119, 20),
(217, 458, 86),
(253, 145, 70),
(830, 371, 3),
(119, 266, 36),
(308, 324, 47),
(315, 224, 11),
(226, 484, 26),
(773, 384, 88),
(654, 5, 90),
(393, 305, 89),
(396, 510, 28),
(728, 548, 45),
(307, 306, 3),
(600, 213, 6),
(523, 534, 93),
(87, 2, 89),
(274, 116, 98),
(223, 527, 22),
(706, 200, 84),
(992, 563, 80),
(689, 380, 25),
(391, 163, 36),
(685, 283, 63),
(705, 102, 82),
(101, 415, 4),
(29, 433, 13),
(767, 25, 18),
(976, 427, 57),
(668, 320, 49),
(397, 68, 92),
(731, 528, 17),
(339, 62, 74),
(680, 146, 39),
(8, 329, 30),
(592, 77, 95),
(842, 251, 15),
(637, 201, 74),
(206, 403, 70),
(73, 463, 64),
(784, 416, 47),
(898, 214, 87),
(427, 480, 65),
(831, 192, 46),
(511, 122, 18),
(128, 219, 78),
(288, 261, 12),
(393, 6, 23),
(170, 277, 69),
(642, 461, 60),
(244, 548, 16),
(987, 347, 77),
(722, 427, 87),
(916, 299, 36),
(671, 429, 23),
(300, 341, 54),
(971, 276, 55),
(417, 109, 79),
(652, 481, 70),
(955, 467, 2),
(520, 301, 36),
(179, 228, 67),
(261, 95, 23),
(404, 564, 40),
(318, 384, 47),
(816, 163, 60),
(818, 541, 71),
(456, 342, 100),
(869, 183, 49),
(375, 390, 100),
(804, 125, 12),
(471, 488, 48),
(123, 76, 40),
(703, 326, 72),
(894, 509, 14),
(492, 112, 93),
(473, 107, 24),
(574, 73, 94),
(540, 580, 95),
(407, 4, 29),
(733, 568, 65),
(598, 419, 28),
(333, 11, 52),
(700, 540, 21),
(679, 24, 82),
(645, 402, 85),
(559, 322, 5),
(461, 46, 59),
(967, 525, 35),
(391, 138, 78),
(465, 552, 43),
(287, 206, 11),
(68, 332, 65),
(512, 94, 58),
(65, 288, 89),
(893, 47, 59),
(658, 154, 24),
(893, 78, 15),
(111, 166, 94),
(693, 196, 73),
(389, 225, 86),
(652, 190, 2),
(241, 461, 33),
(225, 530, 44),
(975, 515, 49),
(358, 251, 16),
(677, 420, 32),
(482, 5, 23),
(974, 54, 46),
(491, 90, 88),
(984, 501, 79),
(884, 322, 51),
(929, 230, 84),
(933, 337, 80),
(792, 430, 55),
(695, 209, 87),
(525, 223, 67),
(875, 219, 6),
(457, 504, 37),
(532, 459, 42),
(392, 100, 73),
(640, 272, 56),
(135, 266, 87),
(226, 166, 7),
(364, 55, 49),
(757, 2, 25),
(673, 370, 31),
(248, 541, 23),
(556, 336, 69),
(954, 325, 61),
(683, 88, 38),
(737, 105, 42),
(72, 442, 13),
(535, 389, 38),
(538, 76, 61),
(715, 570, 19),
(750, 27, 22),
(730, 70, 54),
(831, 453, 6),
(826, 31, 64),
(526, 103, 74),
(421, 50, 85),
(699, 333, 64),
(878, 266, 94),
(173, 215, 67),
(365, 526, 53),
(141, 182, 65),
(228, 531, 46),
(815, 522, 73),
(200, 329, 26),
(739, 180, 88),
(101, 114, 91),
(352, 61, 96),
(490, 167, 33),
(47, 270, 8),
(724, 25, 84),
(762, 459, 58),
(599, 546, 4),
(75, 152, 31),
(356, 223, 14),
(236, 559, 4),
(194, 96, 36),
(845, 516, 14),
(162, 173, 76),
(784, 518, 84),
(706, 96, 31),
(509, 360, 63),
(287, 570, 79),
(383, 321, 75),
(554, 1, 80),
(19, 198, 11),
(842, 154, 15),
(777, 223, 48),
(25, 552, 62),
(564, 121, 75),
(755, 83, 25),
(156, 371, 30),
(753, 490, 43),
(169, 438, 37),
(258, 469, 63),
(324, 324, 19),
(478, 408, 77),
(179, 308, 27),
(210, 425, 83),
(756, 437, 10),
(499, 270, 70),
(652, 218, 26),
(291, 359, 21),
(989, 508, 57),
(156, 506, 79),
(878, 66, 57),
(901, 359, 23),
(48, 430, 59),
(999, 352, 47),
(111, 544, 48),
(927, 277, 87),
(588, 148, 52),
(541, 444, 95),
(802, 53, 5),
(197, 351, 89),
(702, 544, 86),
(544, 579, 71),
(616, 283, 18),
(661, 68, 98),
(337, 390, 42),
(605, 283, 53),
(922, 57, 65),
(389, 528, 67),
(168, 116, 64),
(763, 222, 10),
(913, 225, 19),
(676, 361, 46),
(696, 100, 38),
(540, 238, 37),
(339, 451, 25),
(127, 163, 40),
(661, 498, 4),
(226, 36, 93),
(550, 507, 1),
(377, 268, 69),
(149, 315, 11),
(250, 79, 60),
(335, 358, 2),
(889, 393, 60),
(442, 65, 55),
(406, 277, 48),
(901, 432, 8),
(8, 442, 2),
(935, 178, 14),
(257, 543, 28),
(104, 213, 5),
(558, 366, 69),
(21, 302, 40),
(435, 131, 82),
(355, 57, 4),
(368, 56, 75),
(870, 527, 63),
(621, 86, 16),
(886, 33, 59),
(50, 94, 54),
(462, 370, 34),
(412, 447, 12),
(804, 163, 71),
(82, 156, 9),
(424, 224, 87),
(751, 127, 47),
(354, 352, 69),
(227, 309, 65),
(902, 79, 21),
(33, 339, 83),
(87, 415, 61),
(819, 50, 10),
(867, 377, 46),
(432, 541, 51),
(754, 11, 30),
(969, 47, 42),
(688, 434, 40),
(267, 505, 36),
(32, 490, 38),
(706, 409, 60),
(817, 143, 87),
(558, 460, 42),
(473, 323, 96),
(290, 10, 71),
(746, 347, 81),
(348, 189, 75),
(489, 285, 77),
(783, 577, 26),
(971, 170, 2),
(340, 447, 77),
(629, 495, 26),
(359, 127, 70),
(940, 10, 1),
(222, 145, 63),
(75, 118, 9),
(993, 576, 73),
(613, 536, 71),
(647, 123, 48),
(569, 61, 32),
(914, 374, 68),
(234, 196, 46),
(297, 347, 80),
(520, 126, 64),
(614, 459, 93),
(942, 75, 56),
(783, 526, 18),
(923, 533, 74),
(83, 178, 94),
(431, 98, 98),
(835, 367, 15),
(709, 503, 44),
(122, 3, 45),
(681, 27, 30),
(524, 234, 7),
(488, 88, 81),
(919, 432, 13),
(665, 577, 96),
(520, 100, 90),
(457, 51, 91),
(362, 382, 3),
(243, 477, 40),
(647, 335, 8),
(534, 401, 60),
(543, 500, 48),
(759, 218, 46),
(370, 189, 38),
(638, 101, 77),
(329, 571, 46),
(235, 177, 29),
(230, 59, 51),
(914, 346, 85),
(52, 112, 27),
(841, 536, 94),
(623, 226, 86),
(99, 63, 55),
(163, 480, 75),
(976, 354, 98),
(604, 74, 50),
(39, 414, 31),
(491, 436, 79),
(111, 223, 25),
(497, 428, 88),
(695, 61, 75),
(651, 126, 1),
(350, 20, 69),
(488, 24, 96),
(436, 518, 2),
(795, 79, 64),
(256, 148, 14),
(531, 326, 22),
(85, 292, 12),
(739, 273, 96),
(445, 113, 98),
(442, 329, 60),
(149, 379, 82),
(41, 153, 78),
(643, 399, 36),
(960, 565, 57),
(546, 507, 24),
(179, 490, 72),
(696, 392, 29),
(417, 385, 25),
(900, 547, 73),
(575, 472, 33),
(946, 403, 19),
(120, 300, 51),
(806, 120, 25),
(433, 465, 53),
(914, 407, 16),
(276, 548, 74),
(53, 558, 92),
(870, 125, 56),
(86, 206, 18),
(281, 280, 75),
(694, 93, 99),
(955, 400, 74),
(300, 433, 99),
(32, 72, 28),
(41, 254, 85),
(850, 548, 87),
(90, 90, 94),
(596, 34, 15),
(136, 493, 96),
(489, 108, 37),
(546, 415, 60),
(436, 111, 93),
(759, 490, 41),
(529, 468, 82),
(902, 558, 17),
(83, 540, 66),
(162, 355, 97),
(903, 532, 16),
(819, 336, 66),
(515, 252, 90),
(269, 101, 83),
(854, 53, 56),
(753, 191, 7),
(870, 13, 36),
(73, 89, 77),
(490, 108, 2),
(98, 255, 94),
(682, 223, 85),
(547, 201, 13),
(345, 156, 34),
(215, 413, 100),
(696, 527, 73),
(884, 111, 49),
(827, 157, 99),
(994, 116, 50),
(350, 234, 65),
(802, 191, 89),
(776, 46, 42),
(908, 67, 75),
(37, 308, 22),
(460, 552, 63),
(873, 271, 47),
(808, 548, 10),
(289, 289, 38),
(808, 116, 8),
(30, 94, 19),
(855, 321, 57),
(669, 379, 96),
(793, 504, 4),
(71, 319, 21),
(261, 134, 13),
(862, 573, 71),
(336, 42, 65),
(613, 75, 69),
(910, 3, 47),
(456, 236, 90),
(86, 264, 11),
(88, 507, 94),
(730, 482, 95),
(435, 434, 93),
(670, 379, 31),
(673, 61, 17),
(1000, 398, 38),
(15, 272, 51),
(581, 446, 29),
(415, 260, 23),
(280, 204, 62),
(568, 150, 47),
(643, 448, 9),
(123, 551, 87),
(811, 280, 52),
(430, 37, 82),
(495, 216, 79),
(63, 29, 86),
(602, 92, 66),
(710, 558, 1),
(249, 97, 86),
(63, 383, 99),
(959, 153, 23),
(491, 216, 43),
(882, 246, 25),
(156, 101, 61),
(42, 167, 61),
(453, 402, 51),
(652, 35, 28),
(705, 83, 11),
(501, 511, 50),
(152, 525, 57),
(280, 381, 37),
(355, 90, 72),
(15, 396, 64),
(511, 97, 97),
(416, 205, 84),
(738, 415, 33),
(187, 2, 91),
(547, 10, 21),
(654, 442, 37),
(301, 356, 91),
(511, 262, 28),
(877, 180, 95),
(822, 245, 46),
(510, 436, 70),
(742, 282, 96),
(315, 203, 39),
(451, 281, 33),
(631, 331, 1),
(117, 377, 63),
(190, 366, 100),
(296, 474, 51),
(586, 91, 77),
(386, 527, 22),
(796, 305, 8),
(737, 437, 59),
(216, 12, 69),
(985, 67, 1),
(173, 165, 100),
(90, 527, 81),
(627, 573, 8),
(293, 231, 7),
(771, 56, 34),
(550, 208, 93),
(95, 365, 14),
(323, 214, 98),
(7, 54, 6),
(463, 467, 72),
(187, 530, 15),
(745, 383, 34),
(946, 133, 63),
(275, 96, 23),
(12, 135, 98),
(750, 254, 58),
(17, 325, 86),
(594, 408, 35),
(643, 318, 30),
(502, 504, 49),
(72, 347, 29),
(572, 444, 82),
(7, 348, 44),
(526, 353, 12),
(511, 414, 4),
(948, 232, 87),
(450, 301, 47),
(90, 390, 1),
(627, 310, 52),
(285, 130, 97),
(635, 99, 5),
(483, 577, 86),
(454, 148, 77),
(684, 210, 49),
(564, 204, 9),
(181, 336, 67),
(104, 366, 46),
(60, 370, 52),
(693, 429, 47),
(938, 559, 65),
(506, 570, 49),
(694, 165, 91),
(103, 249, 11),
(27, 92, 6),
(849, 329, 19),
(66, 19, 2),
(86, 329, 21),
(648, 538, 35),
(641, 182, 69),
(981, 222, 68),
(605, 13, 59),
(500, 46, 86),
(33, 540, 64),
(934, 350, 38),
(724, 224, 6),
(85, 35, 18),
(958, 277, 75),
(446, 178, 81),
(345, 354, 69),
(297, 348, 30),
(538, 170, 50),
(528, 471, 78),
(307, 292, 82),
(537, 40, 31),
(125, 512, 97),
(693, 313, 48),
(448, 211, 86),
(778, 430, 32),
(417, 367, 33),
(135, 286, 19),
(566, 139, 93),
(879, 10, 12),
(154, 372, 43),
(529, 211, 63),
(566, 71, 63),
(55, 348, 47),
(660, 246, 99),
(335, 358, 12),
(134, 17, 90),
(414, 572, 28),
(577, 359, 40),
(270, 349, 11),
(912, 166, 58),
(842, 152, 31),
(81, 554, 33),
(995, 560, 49),
(730, 124, 66),
(873, 235, 62),
(117, 75, 31),
(857, 130, 92),
(38, 211, 85),
(835, 181, 36),
(788, 210, 49),
(378, 150, 11),
(849, 542, 37),
(718, 273, 38),
(526, 216, 51),
(528, 501, 26),
(734, 444, 28),
(724, 168, 46),
(930, 552, 25),
(608, 120, 82),
(598, 439, 19),
(864, 192, 16),
(135, 295, 85),
(127, 559, 84),
(163, 265, 82),
(100, 85, 98),
(59, 117, 97),
(110, 148, 32),
(23, 464, 79),
(252, 559, 28),
(198, 230, 27),
(774, 447, 3),
(780, 454, 76),
(117, 262, 46),
(627, 155, 55),
(374, 164, 57),
(112, 374, 49),
(983, 529, 32),
(67, 157, 57),
(962, 181, 58),
(536, 296, 31),
(913, 212, 18),
(88, 552, 34),
(349, 450, 57),
(201, 563, 83),
(487, 66, 83),
(782, 487, 12),
(537, 261, 21),
(509, 16, 45),
(275, 456, 11),
(507, 388, 6),
(543, 82, 33),
(789, 82, 89),
(895, 103, 76),
(241, 42, 42),
(475, 553, 54),
(275, 127, 51),
(397, 501, 69),
(566, 51, 76),
(628, 187, 47),
(151, 100, 31),
(153, 573, 75),
(531, 500, 93),
(235, 554, 76),
(954, 261, 63),
(782, 98, 65),
(649, 557, 49),
(525, 486, 73),
(662, 175, 74),
(705, 299, 52),
(731, 485, 29),
(76, 302, 40),
(476, 379, 56),
(600, 447, 40),
(250, 169, 83),
(409, 14, 52),
(873, 504, 22),
(545, 523, 91),
(763, 272, 79),
(665, 431, 31),
(402, 521, 44),
(807, 288, 41),
(730, 180, 59),
(558, 506, 78),
(597, 294, 63),
(423, 413, 33),
(511, 281, 52),
(655, 10, 16),
(616, 273, 90),
(847, 1, 11),
(781, 378, 85),
(289, 189, 93),
(375, 185, 88),
(822, 232, 64),
(281, 227, 79),
(3, 439, 100),
(312, 408, 92),
(783, 129, 54),
(416, 280, 82),
(700, 346, 100),
(858, 73, 54),
(925, 425, 86),
(683, 277, 23),
(304, 264, 39),
(665, 505, 47),
(513, 63, 95),
(696, 136, 61),
(769, 343, 99),
(451, 183, 68),
(324, 239, 9),
(917, 485, 34),
(670, 297, 94),
(583, 496, 70),
(733, 45, 88),
(709, 364, 89),
(973, 315, 43),
(410, 25, 73),
(944, 18, 81),
(139, 488, 93),
(174, 564, 5),
(428, 252, 56),
(454, 57, 87),
(195, 216, 85),
(267, 124, 36),
(446, 415, 60),
(274, 95, 67),
(460, 56, 98),
(315, 341, 86),
(509, 121, 40),
(238, 166, 19),
(494, 433, 74),
(337, 239, 90),
(376, 295, 65),
(602, 204, 73),
(692, 155, 63),
(315, 234, 78),
(354, 474, 91),
(539, 224, 48),
(759, 558, 59),
(886, 403, 64),
(633, 246, 57),
(620, 59, 31),
(793, 189, 18),
(739, 145, 77),
(836, 417, 91),
(80, 165, 60),
(959, 302, 26),
(909, 414, 71),
(513, 405, 8),
(11, 533, 28),
(200, 475, 36),
(448, 230, 23),
(665, 359, 4),
(235, 367, 32),
(501, 338, 19),
(966, 354, 4),
(131, 121, 69),
(865, 269, 24),
(418, 291, 56),
(562, 482, 9),
(343, 100, 54),
(716, 425, 52),
(804, 6, 88),
(648, 257, 85),
(561, 2, 9),
(227, 109, 79),
(324, 336, 91),
(532, 421, 43),
(193, 74, 39),
(502, 562, 57),
(620, 507, 48),
(418, 422, 11),
(834, 130, 56),
(886, 455, 12),
(578, 144, 32),
(542, 270, 9),
(327, 192, 36),
(21, 135, 24),
(770, 483, 89),
(638, 210, 89),
(986, 3, 64),
(82, 501, 48),
(923, 313, 29),
(59, 577, 44),
(464, 502, 73),
(317, 530, 81),
(299, 456, 54),
(942, 381, 10),
(747, 166, 26),
(780, 34, 2),
(630, 120, 69),
(108, 525, 91),
(424, 371, 60),
(805, 489, 70),
(493, 190, 33),
(798, 469, 17),
(726, 551, 39),
(783, 27, 90),
(635, 156, 23),
(575, 214, 4),
(29, 183, 65),
(835, 355, 9),
(656, 410, 56),
(231, 532, 29),
(773, 447, 69),
(784, 287, 67),
(896, 142, 87),
(526, 56, 41),
(544, 144, 63),
(302, 458, 99),
(586, 225, 84),
(878, 344, 72),
(629, 224, 47),
(219, 362, 83),
(8, 575, 6),
(477, 440, 29),
(501, 112, 70),
(125, 543, 14),
(454, 328, 9),
(462, 28, 30),
(1, 561, 52),
(241, 153, 7),
(845, 128, 55),
(606, 285, 16),
(652, 11, 4),
(938, 380, 84),
(613, 400, 44),
(100, 157, 56),
(524, 226, 16),
(416, 99, 32),
(835, 469, 59),
(398, 332, 26),
(421, 450, 89),
(8, 338, 13),
(112, 376, 79),
(384, 559, 39),
(104, 79, 93),
(664, 466, 94),
(853, 178, 93),
(944, 464, 84),
(82, 551, 87),
(831, 78, 8),
(848, 20, 70),
(777, 384, 17),
(655, 96, 74),
(33, 297, 100),
(226, 562, 47),
(512, 422, 66),
(211, 71, 66),
(81, 221, 73),
(992, 62, 30),
(175, 347, 5),
(164, 7, 100),
(797, 264, 16),
(806, 414, 30),
(921, 60, 31),
(880, 205, 33),
(518, 41, 38),
(357, 428, 48),
(788, 373, 12),
(520, 278, 31),
(258, 177, 93),
(962, 536, 3),
(462, 145, 39),
(564, 196, 71),
(723, 10, 23),
(60, 199, 7),
(629, 503, 49),
(766, 509, 66),
(378, 97, 38),
(470, 135, 52),
(197, 96, 96),
(568, 276, 73),
(520, 425, 94),
(929, 379, 23),
(617, 235, 21),
(620, 443, 94),
(77, 557, 30),
(675, 221, 3),
(400, 514, 39),
(211, 62, 63),
(429, 14, 51),
(208, 252, 26),
(115, 24, 71),
(27, 64, 100),
(495, 510, 47),
(844, 347, 60),
(468, 278, 66),
(319, 386, 60),
(744, 279, 24),
(983, 381, 42),
(513, 460, 40),
(134, 463, 35),
(240, 517, 31),
(209, 1, 89),
(34, 279, 33),
(745, 129, 80),
(830, 361, 65),
(733, 341, 9),
(980, 386, 9),
(15, 418, 74),
(912, 45, 53),
(184, 548, 77),
(198, 417, 17),
(449, 24, 80),
(129, 372, 57),
(565, 100, 2),
(530, 513, 91),
(692, 379, 61),
(362, 170, 98),
(977, 153, 96),
(801, 566, 74),
(577, 10, 28),
(520, 292, 81),
(111, 89, 6),
(378, 548, 32),
(729, 381, 48),
(890, 183, 73),
(332, 253, 4),
(589, 170, 87),
(559, 481, 29),
(520, 109, 79),
(37, 313, 57),
(695, 328, 70),
(151, 332, 22),
(224, 161, 10),
(3, 480, 46),
(534, 565, 66),
(767, 531, 45),
(662, 109, 46),
(343, 409, 38),
(568, 317, 51),
(465, 403, 38),
(596, 365, 67),
(787, 296, 6),
(158, 239, 67),
(985, 32, 79),
(737, 110, 85),
(559, 128, 15),
(860, 433, 44),
(332, 91, 57),
(106, 204, 49),
(235, 433, 89),
(928, 154, 81),
(679, 123, 14),
(327, 391, 57),
(624, 344, 40),
(342, 140, 74),
(445, 66, 32),
(374, 69, 47),
(403, 247, 83),
(783, 85, 53),
(356, 394, 94),
(266, 112, 34),
(833, 249, 67),
(384, 565, 27),
(84, 319, 35),
(525, 335, 8),
(450, 546, 68),
(555, 408, 70),
(237, 218, 17),
(203, 302, 48),
(363, 482, 93),
(812, 185, 9),
(230, 500, 29),
(214, 470, 15),
(361, 553, 96),
(427, 312, 90),
(119, 302, 24),
(498, 448, 74),
(599, 489, 6),
(118, 253, 98),
(520, 170, 41),
(943, 174, 96),
(9, 85, 85),
(885, 29, 4),
(114, 526, 72),
(985, 191, 58),
(166, 358, 31),
(83, 1, 44),
(672, 182, 90),
(625, 146, 27),
(693, 344, 71),
(89, 460, 18),
(22, 221, 19),
(193, 85, 82),
(873, 97, 70),
(161, 455, 70),
(316, 88, 76),
(253, 452, 49),
(438, 180, 30),
(269, 458, 43),
(836, 179, 94),
(763, 214, 12),
(897, 519, 23),
(243, 328, 72),
(267, 89, 72),
(15, 117, 96),
(558, 518, 60),
(460, 434, 13),
(916, 557, 1),
(437, 571, 54),
(130, 424, 65),
(851, 271, 91),
(369, 545, 72),
(700, 390, 61),
(483, 331, 46),
(679, 391, 81),
(244, 177, 42),
(919, 85, 68),
(204, 328, 27),
(782, 247, 36),
(37, 9, 42),
(710, 217, 65),
(334, 95, 17),
(277, 575, 1),
(801, 234, 38),
(991, 364, 62),
(31, 361, 40),
(116, 436, 14),
(7, 130, 67),
(695, 486, 60),
(188, 463, 54),
(475, 230, 73),
(508, 119, 39),
(482, 56, 49),
(647, 251, 18),
(118, 60, 79),
(252, 478, 71),
(293, 518, 83),
(359, 225, 92),
(278, 272, 86),
(656, 20, 71),
(367, 231, 54),
(404, 26, 86),
(125, 426, 77),
(35, 538, 27),
(72, 102, 50),
(144, 356, 27),
(939, 110, 93),
(93, 417, 72),
(991, 579, 81),
(893, 325, 65),
(308, 360, 46),
(337, 363, 93),
(172, 100, 19),
(466, 485, 6),
(589, 81, 25),
(132, 296, 17),
(891, 36, 62),
(70, 324, 51),
(204, 81, 74),
(907, 520, 98),
(106, 372, 84),
(737, 305, 3),
(457, 299, 77),
(911, 511, 3),
(43, 135, 32),
(411, 463, 13),
(97, 430, 53),
(493, 111, 51),
(133, 119, 63),
(359, 392, 22),
(39, 348, 7),
(458, 28, 31),
(235, 538, 68),
(414, 354, 60),
(807, 93, 43),
(954, 378, 9),
(60, 377, 39),
(251, 244, 88),
(101, 516, 92),
(51, 411, 16),
(302, 11, 30),
(803, 104, 30),
(828, 467, 13),
(96, 294, 19),
(666, 246, 5),
(89, 364, 37),
(777, 82, 9),
(267, 495, 37),
(461, 119, 57),
(768, 40, 66),
(452, 566, 77),
(598, 270, 30),
(223, 361, 60),
(69, 538, 35),
(569, 260, 2),
(986, 210, 68),
(740, 445, 4),
(388, 62, 70),
(189, 148, 43),
(546, 161, 40),
(146, 366, 62),
(166, 233, 27),
(602, 226, 78),
(434, 56, 71),
(846, 289, 11),
(486, 134, 12),
(154, 49, 29),
(985, 91, 37),
(795, 366, 58),
(310, 488, 89),
(420, 378, 12),
(819, 294, 76),
(797, 552, 18),
(748, 511, 1),
(507, 367, 73),
(163, 552, 6),
(568, 103, 5),
(289, 323, 60),
(187, 336, 4),
(264, 291, 28),
(155, 4, 6),
(633, 107, 52),
(830, 205, 8),
(284, 504, 79),
(331, 58, 22),
(819, 201, 58),
(827, 29, 46),
(910, 332, 4),
(491, 420, 98),
(386, 177, 96),
(192, 538, 83),
(54, 461, 82),
(49, 383, 37),
(523, 114, 70),
(904, 202, 98),
(112, 332, 98),
(995, 423, 90),
(669, 385, 99),
(37, 328, 77),
(395, 187, 32),
(287, 324, 51),
(384, 437, 35),
(633, 442, 61),
(490, 251, 27),
(237, 269, 60),
(126, 118, 82),
(802, 174, 1),
(636, 291, 58),
(549, 225, 15),
(707, 243, 64),
(949, 351, 94),
(587, 557, 57),
(657, 73, 3),
(823, 71, 46),
(285, 355, 41),
(126, 184, 10),
(216, 527, 43),
(952, 6, 36),
(419, 406, 34),
(991, 545, 62),
(911, 77, 94),
(833, 400, 14),
(962, 565, 72),
(641, 551, 19),
(255, 48, 85),
(139, 254, 53),
(575, 482, 24),
(406, 40, 49),
(255, 166, 90),
(655, 454, 13),
(349, 188, 69),
(804, 110, 42),
(210, 112, 50),
(485, 56, 11),
(205, 218, 71),
(354, 524, 100),
(534, 88, 85),
(984, 60, 39),
(261, 467, 10),
(404, 117, 68),
(5, 410, 78),
(969, 146, 22),
(596, 253, 90),
(452, 322, 37),
(211, 126, 51),
(765, 359, 73),
(582, 139, 28),
(998, 508, 11),
(324, 172, 35),
(694, 515, 77),
(46, 45, 8),
(839, 344, 62),
(242, 379, 13),
(532, 304, 44),
(24, 82, 57),
(743, 359, 82),
(145, 443, 26),
(788, 29, 81),
(760, 512, 25),
(758, 525, 57),
(841, 237, 44),
(332, 330, 71),
(770, 560, 3),
(393, 40, 46),
(62, 510, 59),
(69, 440, 22),
(143, 484, 4),
(907, 96, 26),
(731, 84, 8),
(758, 351, 42),
(805, 227, 88),
(479, 222, 1),
(237, 342, 55),
(842, 287, 48),
(818, 177, 72),
(659, 43, 18),
(499, 130, 52),
(761, 204, 24),
(659, 350, 65),
(283, 28, 34),
(564, 67, 57),
(374, 195, 73),
(179, 342, 42),
(823, 486, 41),
(354, 27, 48),
(478, 408, 23),
(504, 351, 73),
(906, 266, 67),
(229, 16, 73),
(27, 581, 92),
(768, 191, 67),
(118, 559, 11),
(812, 187, 19),
(65, 497, 94),
(311, 496, 7),
(433, 198, 61),
(436, 264, 30),
(156, 89, 19),
(676, 129, 32),
(821, 286, 45),
(870, 395, 33),
(578, 478, 95),
(415, 339, 1),
(964, 47, 93),
(367, 252, 29),
(149, 313, 47),
(920, 413, 22),
(408, 58, 84),
(689, 35, 8),
(557, 343, 39),
(709, 108, 49),
(826, 227, 34),
(98, 296, 42),
(291, 386, 46),
(708, 147, 59),
(269, 495, 80),
(811, 551, 22),
(285, 311, 39),
(909, 380, 40),
(376, 287, 66),
(194, 321, 5),
(818, 196, 24),
(304, 297, 51),
(388, 546, 99),
(80, 351, 18),
(195, 174, 51),
(950, 35, 85),
(412, 413, 97),
(727, 73, 13),
(742, 105, 35),
(627, 26, 18),
(159, 224, 26),
(421, 282, 85),
(167, 127, 80),
(609, 361, 15),
(330, 174, 36),
(406, 60, 28),
(612, 382, 35),
(418, 366, 1),
(557, 102, 91),
(728, 62, 22),
(500, 94, 46),
(416, 533, 50),
(683, 571, 44),
(774, 404, 25),
(531, 154, 58),
(686, 450, 63),
(79, 61, 37),
(384, 109, 20),
(133, 212, 4),
(996, 261, 79),
(501, 14, 42),
(367, 317, 10),
(20, 28, 1),
(568, 413, 2),
(904, 547, 12),
(716, 439, 97),
(292, 399, 74),
(539, 180, 40),
(772, 317, 30),
(232, 547, 68),
(194, 533, 86),
(966, 144, 17),
(968, 319, 33),
(573, 507, 40),
(359, 349, 52),
(113, 104, 33),
(459, 265, 82),
(236, 509, 72),
(574, 17, 29),
(802, 97, 61),
(394, 292, 33),
(587, 296, 7),
(72, 508, 74),
(181, 205, 94),
(510, 218, 40),
(438, 179, 61),
(296, 503, 2),
(59, 73, 77),
(229, 254, 54),
(16, 418, 92),
(214, 15, 79),
(557, 401, 99),
(988, 65, 96),
(630, 240, 27),
(731, 468, 91),
(738, 416, 68),
(867, 205, 25),
(924, 277, 69),
(66, 451, 19),
(438, 242, 62),
(796, 261, 92),
(884, 288, 12),
(434, 115, 48),
(63, 524, 82),
(177, 433, 18),
(465, 331, 74),
(949, 507, 61),
(363, 421, 49),
(666, 143, 10),
(966, 440, 24),
(873, 581, 2),
(360, 11, 91),
(74, 406, 23),
(62, 581, 44),
(127, 343, 12),
(947, 361, 87),
(273, 37, 56),
(633, 260, 5),
(794, 194, 72),
(736, 139, 6),
(607, 573, 39),
(84, 390, 42),
(311, 42, 94),
(477, 426, 8),
(556, 303, 99),
(868, 86, 50),
(779, 276, 8),
(26, 222, 94),
(928, 393, 12),
(910, 434, 23),
(543, 26, 10),
(727, 238, 98),
(731, 25, 5),
(105, 228, 66),
(598, 245, 16),
(873, 458, 76),
(215, 293, 24),
(703, 144, 3),
(740, 476, 44),
(803, 198, 70),
(198, 405, 30),
(139, 566, 94),
(562, 99, 91),
(856, 66, 12),
(157, 280, 51),
(710, 7, 56),
(802, 46, 99),
(602, 173, 94),
(978, 467, 29),
(957, 207, 83),
(114, 41, 95),
(274, 154, 34),
(299, 65, 82),
(870, 429, 32),
(924, 37, 97),
(125, 194, 80),
(439, 221, 99),
(548, 176, 55),
(581, 123, 59),
(480, 250, 12),
(114, 101, 47),
(306, 385, 5),
(915, 278, 100),
(182, 200, 46),
(225, 116, 32),
(318, 483, 99),
(978, 403, 2),
(977, 350, 46),
(933, 397, 74),
(712, 348, 79),
(352, 344, 97),
(76, 327, 41),
(472, 349, 73),
(344, 181, 99),
(416, 178, 71),
(556, 56, 50),
(132, 29, 75),
(301, 500, 29),
(550, 436, 66),
(330, 545, 15),
(177, 295, 70),
(102, 202, 89),
(501, 347, 13),
(775, 544, 12),
(360, 242, 82),
(702, 333, 86),
(454, 44, 88),
(374, 19, 80),
(6, 93, 44),
(179, 522, 24),
(369, 469, 14),
(985, 247, 72),
(790, 427, 49),
(246, 279, 33),
(439, 380, 24),
(316, 82, 24),
(617, 295, 82),
(302, 198, 53),
(354, 4, 100),
(294, 33, 95),
(503, 351, 40),
(470, 32, 6),
(650, 214, 59),
(524, 279, 92),
(937, 20, 25),
(457, 175, 5),
(693, 359, 13),
(529, 69, 74),
(625, 158, 43),
(796, 82, 84),
(259, 337, 88),
(101, 37, 13),
(38, 362, 33),
(934, 397, 54),
(500, 160, 41),
(696, 73, 62),
(499, 159, 55),
(775, 398, 36),
(704, 109, 99),
(705, 220, 73),
(79, 556, 63),
(353, 51, 12),
(415, 57, 62),
(498, 463, 100),
(695, 569, 77),
(874, 468, 27),
(816, 150, 99),
(459, 256, 87),
(24, 109, 7),
(798, 157, 60),
(752, 153, 59),
(952, 379, 21),
(837, 324, 68),
(756, 525, 33),
(965, 450, 32),
(7, 522, 18),
(292, 98, 9),
(896, 124, 91),
(197, 48, 92),
(308, 481, 93),
(22, 327, 40),
(435, 32, 41),
(743, 460, 4),
(280, 419, 12),
(830, 303, 25),
(96, 539, 15),
(121, 322, 86),
(510, 2, 66),
(429, 252, 82),
(523, 256, 85),
(292, 404, 9),
(789, 490, 25),
(27, 479, 37),
(814, 397, 8),
(994, 335, 13),
(280, 169, 74),
(527, 556, 15),
(181, 115, 23),
(681, 572, 8),
(54, 489, 81),
(667, 116, 68),
(156, 99, 16),
(47, 547, 73),
(379, 217, 41),
(999, 362, 22),
(269, 245, 80),
(900, 199, 37),
(230, 312, 24),
(452, 62, 63),
(407, 232, 43),
(956, 255, 68),
(663, 281, 3),
(512, 489, 71),
(380, 18, 7),
(172, 224, 23),
(684, 61, 62),
(95, 244, 63),
(325, 397, 93),
(685, 31, 21),
(750, 580, 33),
(525, 394, 1),
(557, 575, 28),
(226, 73, 79),
(910, 503, 44),
(598, 506, 69),
(361, 31, 81),
(184, 89, 1),
(292, 87, 66),
(709, 392, 88),
(970, 423, 39),
(482, 492, 47),
(385, 465, 37),
(980, 567, 95),
(845, 21, 48),
(592, 480, 31),
(683, 539, 68),
(942, 418, 85),
(6, 132, 87),
(637, 10, 8),
(683, 180, 64),
(23, 83, 33),
(840, 212, 12),
(329, 195, 89),
(611, 488, 87),
(693, 485, 60),
(993, 270, 88),
(230, 185, 72),
(875, 195, 67),
(978, 426, 14),
(855, 372, 45),
(844, 399, 34),
(434, 501, 79),
(137, 7, 8),
(132, 80, 71),
(773, 541, 32),
(184, 123, 36),
(577, 66, 17),
(197, 447, 16),
(803, 495, 67),
(736, 240, 31),
(129, 437, 97),
(518, 240, 66),
(161, 169, 29),
(991, 153, 22),
(890, 437, 78),
(3, 420, 71),
(757, 533, 19),
(104, 558, 86),
(207, 309, 93),
(933, 323, 17),
(444, 205, 62),
(737, 332, 69),
(912, 81, 97),
(27, 554, 38),
(729, 430, 27),
(795, 213, 26),
(161, 230, 92),
(628, 512, 75),
(962, 380, 28),
(212, 92, 55),
(783, 112, 3),
(781, 210, 69),
(78, 429, 22),
(667, 415, 33),
(422, 397, 21),
(519, 192, 68),
(952, 79, 57),
(638, 459, 99),
(140, 412, 93),
(168, 331, 61),
(965, 558, 89),
(138, 54, 5),
(42, 264, 59),
(249, 342, 85),
(834, 353, 2),
(914, 132, 2),
(324, 110, 57),
(668, 438, 98),
(67, 369, 58),
(867, 483, 61),
(777, 509, 76),
(881, 323, 28),
(730, 576, 30),
(233, 520, 65),
(867, 119, 64),
(749, 45, 2),
(168, 315, 70),
(868, 143, 40),
(369, 346, 52),
(394, 366, 55),
(852, 567, 10),
(592, 446, 57),
(620, 463, 3),
(758, 150, 4),
(934, 261, 45),
(602, 294, 8),
(933, 386, 64),
(19, 274, 14),
(199, 245, 29),
(305, 291, 43),
(130, 310, 44),
(80, 178, 66),
(478, 262, 44),
(570, 202, 88),
(690, 480, 71),
(252, 461, 7),
(188, 106, 16),
(248, 22, 9),
(857, 392, 55),
(904, 195, 44),
(369, 575, 93),
(630, 256, 6),
(389, 67, 95),
(648, 269, 34),
(737, 351, 40),
(812, 287, 5),
(383, 254, 61),
(346, 51, 84),
(486, 155, 71),
(827, 456, 20),
(501, 68, 90),
(687, 178, 90),
(124, 415, 34),
(26, 507, 91),
(261, 205, 18),
(570, 553, 9),
(873, 145, 38),
(453, 5, 38),
(986, 3, 33),
(2, 42, 54),
(879, 171, 73),
(496, 544, 22),
(623, 481, 61),
(804, 377, 71),
(637, 336, 94),
(538, 108, 38),
(890, 426, 28),
(87, 259, 54),
(15, 356, 6),
(534, 574, 91),
(95, 348, 23),
(338, 287, 57),
(611, 29, 43),
(798, 161, 4),
(660, 148, 39),
(880, 63, 99),
(131, 495, 10),
(377, 206, 95),
(819, 507, 38),
(842, 513, 74),
(202, 268, 41),
(838, 283, 99),
(286, 222, 87),
(493, 61, 38),
(237, 213, 35),
(834, 324, 18),
(86, 192, 20),
(976, 14, 73),
(424, 138, 85),
(97, 121, 13),
(712, 218, 3),
(12, 230, 65),
(737, 281, 29),
(152, 523, 1),
(525, 181, 22),
(610, 12, 32),
(446, 373, 23),
(982, 197, 51),
(199, 347, 6),
(24, 181, 6),
(806, 152, 68),
(941, 187, 29),
(112, 365, 32),
(300, 123, 63),
(494, 281, 14),
(45, 381, 46),
(966, 379, 57),
(964, 575, 88),
(67, 416, 70),
(888, 16, 82),
(699, 501, 26),
(253, 293, 69),
(920, 236, 80),
(653, 233, 60),
(643, 130, 4),
(30, 539, 11),
(795, 51, 93),
(678, 418, 1),
(14, 428, 97),
(70, 504, 32),
(217, 375, 86),
(673, 429, 41),
(164, 25, 90),
(674, 64, 49),
(225, 200, 89),
(670, 150, 1),
(463, 211, 11),
(938, 174, 78),
(788, 550, 46),
(519, 152, 84),
(842, 281, 70),
(86, 95, 100),
(16, 414, 28),
(189, 307, 16),
(119, 262, 72),
(537, 351, 28),
(541, 518, 28),
(327, 438, 27),
(827, 446, 8),
(705, 46, 54),
(424, 108, 67),
(796, 342, 85),
(773, 209, 15),
(898, 507, 89),
(141, 341, 5),
(121, 330, 98),
(203, 554, 22),
(164, 469, 44),
(171, 255, 33),
(895, 309, 19),
(575, 94, 5),
(108, 20, 87),
(931, 407, 91),
(960, 208, 24),
(705, 523, 58),
(825, 12, 79),
(568, 135, 70),
(572, 295, 79),
(878, 551, 81),
(666, 286, 26),
(68, 156, 39),
(661, 391, 10),
(372, 506, 39),
(86, 99, 85),
(970, 349, 96),
(24, 284, 33),
(744, 416, 2),
(823, 352, 83),
(543, 363, 89),
(131, 329, 99),
(590, 439, 33),
(304, 75, 23),
(721, 83, 16),
(281, 158, 84),
(781, 312, 20),
(142, 105, 25),
(538, 562, 27),
(931, 362, 30),
(530, 119, 46),
(237, 340, 50),
(656, 522, 27),
(97, 446, 54),
(479, 364, 75),
(542, 368, 55),
(884, 567, 30),
(424, 180, 36),
(370, 217, 89),
(314, 22, 19),
(603, 216, 25),
(151, 88, 7),
(901, 481, 13),
(78, 29, 45),
(819, 260, 69),
(708, 437, 51),
(898, 123, 8),
(843, 416, 42),
(276, 32, 5),
(793, 149, 62),
(817, 483, 98),
(700, 221, 47),
(108, 106, 96),
(401, 357, 14),
(787, 430, 24),
(873, 393, 61),
(650, 126, 71),
(439, 79, 69),
(564, 525, 84),
(238, 264, 25),
(353, 16, 25),
(365, 360, 35),
(677, 491, 28),
(121, 183, 44),
(965, 294, 79),
(7, 109, 14),
(70, 388, 28),
(524, 37, 5),
(930, 480, 10),
(917, 148, 14),
(31, 6, 86),
(927, 490, 35),
(324, 434, 53),
(533, 519, 26),
(9, 532, 53),
(133, 307, 86),
(712, 144, 11),
(796, 69, 30),
(377, 203, 2),
(310, 363, 46),
(757, 528, 76),
(735, 525, 95),
(786, 299, 2),
(948, 574, 83),
(58, 40, 45),
(880, 547, 33),
(672, 269, 6),
(561, 249, 60),
(513, 576, 78),
(540, 329, 86),
(178, 548, 97),
(249, 323, 77),
(628, 531, 89),
(46, 265, 24),
(509, 528, 28),
(124, 369, 29),
(111, 292, 17),
(397, 343, 3),
(386, 324, 50),
(98, 163, 79),
(636, 150, 96),
(897, 130, 22),
(638, 487, 89),
(755, 148, 87),
(695, 306, 4),
(381, 430, 5),
(918, 418, 77),
(818, 238, 59),
(303, 102, 34),
(894, 444, 54),
(2, 223, 64),
(503, 12, 34),
(85, 442, 36),
(690, 568, 16),
(994, 267, 60),
(438, 514, 43),
(4, 552, 70),
(82, 579, 96),
(200, 317, 52),
(642, 315, 78),
(245, 426, 78),
(291, 107, 70),
(405, 401, 52),
(15, 290, 18),
(553, 496, 85),
(447, 358, 24),
(117, 124, 56),
(948, 296, 91),
(366, 395, 79),
(167, 238, 35),
(74, 399, 69),
(806, 336, 93),
(196, 229, 98),
(623, 227, 62),
(948, 61, 88),
(717, 360, 21),
(92, 426, 6),
(285, 175, 73),
(349, 68, 70),
(437, 169, 47),
(648, 199, 88),
(632, 191, 48),
(658, 174, 94),
(87, 505, 5),
(799, 315, 74),
(562, 110, 69),
(399, 557, 81),
(142, 400, 15),
(430, 213, 5),
(467, 358, 56),
(679, 334, 25),
(603, 507, 34),
(1, 82, 15),
(773, 469, 81),
(677, 203, 27),
(183, 460, 92),
(242, 85, 21),
(134, 234, 5),
(778, 538, 60),
(862, 296, 82),
(459, 305, 39),
(581, 381, 91),
(466, 100, 19),
(235, 393, 90),
(576, 172, 64),
(79, 550, 26),
(736, 32, 95),
(47, 115, 24),
(110, 104, 65),
(334, 360, 32),
(564, 268, 70),
(65, 221, 89),
(466, 566, 22),
(813, 12, 54),
(923, 322, 75),
(680, 143, 74),
(443, 280, 1),
(895, 317, 20),
(414, 405, 4),
(300, 457, 61),
(682, 30, 98),
(1000, 26, 87),
(994, 88, 24),
(495, 177, 10),
(304, 473, 22),
(341, 205, 96),
(248, 485, 83),
(111, 357, 57),
(967, 557, 23),
(435, 25, 61),
(929, 215, 44),
(191, 416, 54),
(961, 16, 84),
(161, 432, 66),
(615, 232, 63),
(973, 481, 16),
(664, 9, 75),
(562, 544, 50),
(740, 168, 25),
(120, 39, 51),
(682, 398, 76),
(888, 15, 86),
(131, 504, 2),
(764, 407, 2),
(477, 250, 85),
(562, 213, 29),
(40, 533, 83),
(542, 120, 47),
(213, 542, 83),
(975, 33, 82),
(840, 220, 41),
(782, 308, 50),
(618, 323, 93),
(319, 95, 4),
(692, 545, 41),
(421, 160, 58),
(612, 573, 15),
(946, 67, 81),
(588, 289, 76),
(447, 3, 60),
(203, 102, 25),
(974, 236, 9),
(420, 292, 26),
(808, 526, 96),
(17, 395, 17),
(685, 299, 49),
(644, 18, 34),
(103, 274, 62),
(547, 39, 20),
(200, 177, 69),
(194, 157, 11),
(273, 165, 63),
(366, 23, 74),
(887, 104, 12),
(71, 480, 44),
(444, 49, 44),
(729, 4, 63),
(457, 11, 25),
(656, 145, 28),
(623, 473, 29),
(333, 142, 16),
(824, 60, 80),
(811, 333, 93),
(976, 110, 70),
(833, 534, 49),
(68, 513, 85),
(563, 341, 56),
(64, 445, 38),
(922, 78, 2),
(504, 92, 43),
(259, 571, 76),
(391, 298, 35),
(817, 155, 31),
(616, 274, 51),
(858, 210, 44),
(858, 153, 86),
(761, 154, 14),
(333, 331, 74),
(771, 261, 60),
(722, 397, 67),
(733, 153, 3),
(276, 434, 90),
(911, 139, 50),
(79, 408, 55),
(145, 508, 9),
(48, 443, 91),
(774, 368, 84),
(225, 389, 68),
(640, 229, 56),
(204, 72, 2),
(61, 475, 22),
(237, 6, 9),
(54, 87, 79),
(408, 389, 61),
(255, 220, 43),
(881, 552, 97),
(992, 54, 32),
(288, 215, 23),
(175, 281, 7),
(163, 30, 39),
(151, 559, 26),
(751, 270, 100),
(968, 569, 42),
(476, 49, 47),
(274, 414, 5),
(489, 93, 59),
(166, 142, 52),
(652, 119, 97),
(397, 251, 13),
(976, 61, 63),
(928, 169, 3),
(907, 195, 8),
(442, 15, 58),
(576, 541, 16),
(501, 76, 47),
(865, 466, 87),
(952, 516, 29),
(396, 561, 47),
(100, 215, 7),
(848, 511, 79),
(242, 386, 68),
(374, 63, 12),
(892, 207, 88),
(491, 242, 83),
(616, 422, 97),
(89, 416, 34),
(72, 276, 57),
(350, 311, 60),
(44, 8, 95),
(457, 460, 40),
(324, 90, 52),
(517, 483, 4),
(740, 424, 85),
(235, 83, 84),
(265, 580, 77),
(808, 255, 8),
(675, 403, 42),
(879, 210, 62),
(191, 146, 46),
(822, 287, 18),
(171, 279, 29),
(916, 184, 58),
(171, 247, 96),
(880, 324, 78),
(682, 396, 73),
(940, 286, 18),
(159, 376, 11),
(532, 155, 5),
(365, 283, 70),
(78, 578, 65),
(494, 443, 89),
(225, 85, 57),
(863, 340, 83),
(594, 452, 50),
(462, 446, 29),
(850, 167, 84),
(305, 439, 31),
(6, 370, 61),
(943, 191, 37),
(996, 138, 57),
(992, 557, 16),
(719, 510, 30),
(281, 522, 46),
(67, 234, 50),
(711, 136, 86),
(242, 404, 51),
(938, 233, 72),
(947, 152, 25),
(307, 251, 98),
(991, 476, 53),
(562, 344, 77),
(484, 8, 3),
(564, 162, 64),
(228, 534, 51),
(566, 67, 45),
(140, 573, 80),
(10, 433, 38),
(978, 70, 17),
(903, 72, 39),
(536, 543, 1),
(748, 369, 16),
(121, 295, 39),
(349, 17, 73),
(762, 160, 34),
(665, 575, 93),
(514, 232, 45),
(684, 207, 97),
(518, 435, 61),
(558, 60, 22),
(742, 315, 75),
(73, 388, 79),
(250, 275, 8),
(208, 197, 86),
(835, 474, 20),
(27, 396, 79),
(485, 456, 82),
(315, 45, 39),
(629, 67, 100),
(39, 143, 13),
(13, 15, 100),
(228, 18, 100),
(484, 376, 67),
(41, 51, 79),
(978, 334, 3),
(244, 151, 46),
(903, 8, 89),
(385, 551, 12),
(418, 404, 73),
(926, 53, 90),
(202, 507, 55),
(2, 445, 58),
(428, 369, 87),
(446, 418, 29),
(393, 417, 41),
(864, 225, 40),
(516, 420, 10),
(604, 68, 63),
(39, 186, 48),
(86, 359, 77),
(518, 356, 47),
(738, 486, 93),
(728, 207, 5),
(944, 77, 93),
(434, 368, 66),
(318, 19, 30),
(626, 96, 60),
(235, 231, 70),
(61, 557, 39),
(956, 118, 6),
(900, 386, 17),
(969, 349, 41),
(617, 573, 2),
(322, 511, 29),
(748, 27, 12),
(191, 527, 78),
(193, 540, 58),
(536, 399, 42),
(120, 517, 36),
(175, 52, 9),
(179, 573, 77),
(708, 573, 58),
(746, 324, 74),
(604, 224, 18),
(318, 475, 18),
(414, 310, 30),
(721, 446, 21),
(926, 414, 62),
(118, 535, 68),
(928, 10, 65),
(868, 284, 17),
(877, 134, 2),
(78, 407, 26),
(3, 256, 30),
(795, 323, 95),
(756, 505, 46),
(11, 325, 91),
(332, 373, 81),
(255, 163, 52),
(576, 319, 78),
(711, 312, 16),
(678, 267, 25),
(355, 355, 19),
(38, 212, 15),
(299, 143, 70),
(204, 317, 76),
(283, 95, 86),
(504, 97, 33),
(872, 238, 2),
(522, 51, 88),
(754, 517, 78),
(694, 481, 4),
(570, 368, 69),
(400, 401, 62),
(933, 193, 88),
(80, 510, 50),
(644, 7, 58),
(186, 116, 38),
(951, 86, 81),
(973, 482, 91),
(691, 524, 89),
(865, 327, 74),
(814, 162, 70),
(620, 73, 49),
(368, 120, 98),
(316, 386, 96),
(975, 211, 4),
(137, 482, 72),
(277, 258, 63),
(464, 453, 65),
(563, 142, 43),
(216, 458, 38),
(713, 527, 13),
(995, 158, 55),
(666, 70, 61),
(57, 361, 20),
(987, 203, 73),
(419, 129, 33),
(374, 103, 56),
(419, 339, 88),
(945, 328, 67),
(338, 161, 98),
(135, 420, 13),
(371, 491, 42),
(343, 487, 50),
(697, 144, 74),
(258, 321, 8),
(229, 109, 24),
(550, 280, 87),
(816, 314, 45),
(502, 344, 25),
(867, 86, 38),
(109, 543, 74),
(772, 55, 61),
(770, 303, 11),
(10, 217, 7),
(385, 268, 95),
(536, 264, 16),
(651, 361, 58),
(119, 559, 69),
(967, 326, 2),
(205, 80, 40),
(345, 422, 25),
(741, 174, 8),
(999, 187, 61),
(540, 140, 85),
(609, 377, 56),
(49, 139, 8),
(372, 77, 56),
(289, 427, 24),
(527, 400, 20),
(327, 342, 22),
(824, 265, 9),
(828, 279, 5),
(951, 163, 40),
(439, 379, 81),
(844, 229, 26),
(653, 529, 54),
(721, 544, 39),
(537, 107, 57),
(587, 127, 55),
(785, 127, 93),
(990, 447, 99),
(824, 406, 86),
(939, 481, 32),
(427, 248, 100),
(654, 566, 49),
(975, 475, 21),
(190, 528, 11),
(923, 129, 7),
(22, 247, 89),
(915, 426, 28),
(386, 380, 33),
(881, 362, 54),
(174, 386, 16),
(240, 89, 22),
(191, 285, 35),
(988, 326, 9),
(98, 289, 8),
(177, 10, 79),
(115, 29, 81),
(830, 82, 65),
(598, 48, 95),
(399, 231, 31),
(343, 390, 97),
(292, 487, 55),
(310, 185, 46),
(556, 445, 47),
(667, 90, 52),
(11, 570, 100),
(848, 149, 78),
(758, 34, 42),
(464, 396, 86),
(792, 407, 93),
(790, 386, 40),
(387, 267, 30),
(78, 241, 28),
(239, 318, 29),
(749, 165, 97),
(718, 144, 83),
(7, 565, 67),
(377, 271, 52),
(647, 470, 5),
(640, 122, 58),
(457, 44, 6),
(178, 39, 30),
(503, 283, 83),
(308, 488, 74),
(335, 5, 73),
(724, 465, 36),
(51, 290, 92),
(98, 207, 72),
(176, 178, 71),
(234, 479, 86),
(305, 553, 17),
(236, 532, 57),
(742, 460, 71),
(848, 473, 94),
(407, 332, 92),
(34, 24, 94),
(573, 305, 60),
(615, 407, 90),
(533, 144, 37),
(780, 481, 89),
(186, 433, 43),
(171, 206, 59),
(674, 382, 99),
(394, 540, 20),
(289, 460, 43),
(606, 245, 42),
(815, 52, 19),
(875, 90, 44),
(370, 28, 44),
(988, 50, 65),
(726, 139, 81),
(105, 253, 13),
(525, 87, 96),
(556, 270, 80),
(692, 209, 80),
(206, 84, 91),
(957, 11, 99),
(355, 320, 91),
(691, 356, 58),
(740, 94, 77),
(484, 231, 63),
(449, 71, 83),
(242, 209, 19),
(572, 222, 40),
(512, 574, 72),
(821, 202, 93),
(300, 274, 91),
(908, 226, 3),
(985, 316, 81),
(110, 535, 34),
(880, 157, 6),
(718, 53, 6),
(614, 446, 21),
(172, 476, 80),
(414, 391, 17),
(585, 437, 90),
(648, 280, 38),
(108, 462, 13),
(602, 282, 21),
(237, 304, 80),
(395, 103, 88),
(276, 249, 24),
(944, 175, 98),
(115, 489, 20),
(433, 405, 40),
(330, 84, 8),
(69, 435, 61),
(132, 172, 1),
(366, 241, 85),
(146, 377, 48),
(136, 376, 55),
(192, 125, 47),
(451, 217, 21),
(791, 303, 51),
(285, 465, 62),
(734, 563, 69),
(361, 232, 10),
(306, 66, 13),
(40, 3, 12),
(357, 110, 14),
(421, 110, 26),
(85, 120, 5),
(736, 450, 62),
(698, 453, 51),
(889, 570, 32),
(328, 581, 51),
(762, 189, 1),
(256, 112, 73),
(79, 311, 45),
(729, 249, 63),
(597, 264, 3),
(334, 422, 2),
(761, 356, 10),
(852, 305, 61),
(154, 368, 65),
(131, 41, 79),
(694, 289, 73),
(530, 123, 28),
(199, 411, 39),
(244, 492, 90),
(794, 351, 45),
(909, 278, 71),
(345, 481, 36),
(938, 108, 5),
(522, 92, 5),
(851, 22, 62),
(369, 223, 71),
(440, 127, 64),
(694, 330, 48),
(358, 139, 21),
(51, 337, 4),
(72, 559, 77),
(494, 274, 75),
(335, 275, 45),
(455, 83, 67),
(528, 200, 3),
(209, 28, 65),
(898, 433, 97),
(984, 298, 4),
(787, 376, 95),
(45, 368, 73),
(140, 404, 79),
(899, 31, 60),
(769, 441, 44),
(660, 513, 92),
(789, 286, 57),
(189, 16, 83),
(694, 73, 58),
(903, 346, 92),
(368, 227, 81),
(371, 227, 13),
(484, 206, 7),
(111, 147, 58),
(280, 202, 7),
(399, 180, 34),
(549, 228, 61),
(254, 92, 62),
(74, 471, 53),
(8, 288, 3),
(525, 427, 86),
(158, 530, 48),
(815, 489, 93),
(496, 95, 96),
(728, 140, 19),
(692, 472, 100),
(388, 88, 2),
(823, 432, 37),
(259, 391, 29),
(599, 143, 19),
(262, 165, 47),
(9, 48, 49),
(188, 377, 97),
(475, 320, 88),
(265, 313, 11),
(971, 456, 61),
(27, 188, 8),
(683, 152, 30),
(931, 572, 57),
(73, 57, 54),
(227, 23, 70),
(520, 318, 34),
(487, 37, 76),
(734, 545, 30),
(699, 124, 52),
(428, 462, 57),
(144, 280, 16),
(573, 83, 30),
(572, 212, 32),
(621, 229, 93),
(957, 465, 48),
(462, 173, 67),
(294, 559, 51),
(478, 539, 68),
(900, 410, 49),
(40, 220, 97),
(106, 401, 59),
(948, 64, 13),
(831, 16, 32),
(147, 117, 52),
(28, 399, 39),
(449, 274, 3),
(413, 41, 22),
(865, 372, 57),
(336, 73, 43),
(376, 533, 18),
(616, 149, 22),
(147, 2, 56),
(565, 202, 86),
(310, 319, 55),
(543, 478, 57),
(159, 541, 72),
(651, 405, 31),
(904, 533, 17),
(878, 345, 23),
(762, 568, 87),
(621, 350, 24),
(223, 148, 35),
(248, 252, 13),
(74, 432, 51),
(807, 261, 87),
(114, 261, 24),
(783, 190, 45),
(416, 124, 11),
(308, 205, 56),
(802, 55, 41),
(759, 513, 88),
(657, 161, 12),
(756, 176, 93),
(715, 201, 72),
(184, 159, 95),
(625, 39, 49),
(579, 136, 68),
(487, 379, 37),
(719, 92, 94),
(382, 141, 14),
(438, 444, 92),
(646, 88, 20),
(126, 390, 50),
(43, 7, 67),
(733, 524, 1),
(753, 187, 97),
(514, 518, 59),
(122, 314, 46),
(916, 230, 26),
(236, 168, 16),
(474, 137, 26),
(110, 367, 10),
(93, 468, 59),
(336, 368, 14),
(828, 111, 48),
(414, 517, 99),
(986, 475, 34),
(475, 538, 32),
(596, 403, 96),
(177, 187, 26),
(389, 573, 98),
(15, 45, 99),
(466, 185, 82),
(654, 38, 55),
(590, 571, 18),
(137, 403, 21),
(382, 490, 35),
(951, 56, 18),
(18, 524, 15),
(692, 103, 21),
(906, 356, 98),
(773, 171, 12),
(689, 196, 27),
(865, 107, 57),
(2, 139, 92),
(727, 231, 70),
(864, 464, 45),
(707, 466, 15),
(897, 336, 33),
(469, 326, 44),
(514, 151, 68),
(477, 174, 12),
(331, 296, 55),
(820, 184, 35),
(10, 498, 60),
(454, 198, 72),
(382, 332, 82),
(787, 472, 57),
(714, 376, 86),
(596, 31, 75),
(919, 319, 32),
(629, 397, 99),
(234, 24, 21),
(58, 359, 41),
(810, 306, 80),
(968, 297, 80),
(937, 306, 36),
(549, 514, 8),
(277, 534, 54),
(271, 132, 31),
(607, 18, 41),
(380, 210, 75),
(872, 306, 67),
(414, 225, 22),
(539, 170, 68),
(458, 434, 13),
(107, 566, 57),
(321, 139, 12),
(215, 398, 97),
(539, 555, 1),
(301, 182, 54),
(815, 154, 63),
(893, 285, 14),
(576, 50, 52),
(377, 196, 68),
(103, 507, 73),
(945, 66, 73),
(337, 308, 39),
(53, 406, 23),
(536, 391, 98),
(379, 239, 92),
(662, 204, 57),
(132, 250, 59),
(36, 85, 67),
(826, 11, 80),
(337, 355, 33),
(484, 118, 59),
(355, 132, 23),
(458, 480, 72),
(825, 192, 19),
(186, 450, 72),
(830, 346, 63),
(407, 118, 24),
(170, 314, 93),
(221, 191, 69),
(929, 24, 63),
(466, 285, 35),
(681, 79, 7),
(66, 501, 70),
(22, 470, 58),
(64, 25, 57),
(278, 419, 30),
(184, 502, 97),
(128, 114, 8),
(811, 114, 21),
(96, 343, 10),
(577, 135, 48),
(731, 31, 70),
(662, 279, 66),
(526, 535, 18),
(799, 558, 56),
(692, 4, 91),
(106, 79, 25),
(751, 407, 71),
(36, 411, 59),
(54, 156, 59),
(736, 267, 57),
(723, 161, 27),
(550, 158, 61),
(80, 380, 97),
(41, 463, 2),
(460, 54, 3),
(867, 303, 28),
(771, 252, 97),
(507, 213, 8),
(937, 456, 18),
(605, 215, 69),
(74, 340, 87),
(676, 228, 85),
(562, 494, 74),
(293, 385, 16),
(328, 255, 73),
(384, 30, 13),
(624, 348, 50),
(26, 237, 63),
(163, 240, 66),
(527, 273, 48),
(14, 57, 65),
(691, 159, 6),
(270, 392, 84),
(76, 440, 84),
(188, 341, 22),
(834, 559, 95),
(99, 44, 51),
(832, 67, 82),
(262, 332, 34),
(752, 128, 44),
(804, 560, 68),
(457, 99, 15),
(733, 8, 45),
(828, 253, 15),
(368, 399, 21),
(788, 207, 21),
(799, 62, 19),
(213, 99, 59),
(974, 113, 35),
(369, 551, 94),
(708, 377, 97),
(798, 175, 3),
(924, 527, 78),
(552, 434, 4),
(420, 128, 39),
(158, 547, 52),
(157, 218, 68),
(256, 301, 32),
(894, 320, 6),
(309, 178, 56),
(378, 380, 68),
(966, 303, 95),
(672, 192, 100),
(463, 358, 75),
(563, 453, 33),
(223, 189, 45),
(717, 223, 35),
(209, 390, 31),
(972, 398, 69),
(65, 72, 53),
(665, 470, 1),
(140, 196, 8),
(66, 250, 84),
(404, 31, 99),
(527, 299, 29),
(186, 332, 88),
(543, 338, 23),
(81, 440, 44),
(908, 476, 27),
(163, 112, 51),
(542, 293, 4),
(728, 344, 92),
(512, 51, 62),
(405, 80, 1),
(738, 331, 42),
(322, 271, 43),
(364, 239, 16),
(896, 183, 75),
(263, 102, 88),
(667, 362, 58),
(524, 7, 80),
(989, 534, 57),
(20, 391, 51),
(192, 404, 35),
(304, 402, 98),
(353, 66, 66),
(18, 552, 1),
(581, 569, 30),
(382, 428, 44),
(639, 152, 64),
(292, 269, 50),
(451, 299, 13),
(781, 75, 8),
(752, 463, 69),
(242, 145, 9),
(4, 483, 88),
(277, 524, 58),
(925, 276, 53),
(261, 142, 72),
(63, 486, 84),
(81, 114, 63),
(778, 421, 42),
(341, 126, 10),
(6, 124, 45),
(343, 362, 71),
(92, 336, 52),
(564, 355, 40),
(743, 229, 9),
(293, 246, 11),
(838, 208, 50),
(765, 87, 53),
(624, 352, 68),
(177, 136, 14),
(849, 552, 94),
(739, 330, 97),
(449, 392, 44),
(215, 523, 3),
(664, 191, 68),
(878, 221, 14),
(935, 319, 13),
(48, 95, 68),
(631, 390, 84),
(243, 511, 59),
(877, 466, 49),
(202, 458, 87),
(978, 142, 80),
(164, 263, 9),
(939, 545, 28),
(550, 170, 97),
(616, 132, 67),
(298, 20, 55),
(334, 547, 96),
(913, 231, 85),
(188, 249, 2),
(397, 262, 39),
(877, 399, 100),
(779, 566, 42),
(796, 471, 63),
(909, 320, 85),
(412, 76, 30),
(394, 243, 71),
(531, 173, 71),
(468, 327, 14),
(307, 433, 19),
(898, 533, 33),
(730, 533, 42),
(3, 334, 14),
(859, 107, 64),
(647, 440, 23),
(599, 338, 55),
(835, 308, 26),
(874, 334, 93),
(814, 296, 75),
(832, 578, 36),
(110, 528, 91),
(745, 202, 1),
(554, 8, 31),
(661, 544, 54);

-- --------------------------------------------------------

--
-- Table structure for table `store`
--

CREATE TABLE `store` (
  `storeID` bigint(20) UNSIGNED NOT NULL,
  `name` varchar(255) NOT NULL,
  `email` varchar(255) NOT NULL,
  `contact` varchar(255) NOT NULL,
  `address_line1` varchar(255) NOT NULL,
  `address_line2` varchar(255) NOT NULL,
  `city` varchar(255) NOT NULL,
  `ZIP_code` int(5) NOT NULL,
  `state` varchar(255) NOT NULL,
  `country` varchar(255) NOT NULL,
  `reg_date` timestamp NOT NULL DEFAULT current_timestamp() ON UPDATE current_timestamp()
) ENGINE=InnoDB DEFAULT CHARSET=utf8mb4 COLLATE=utf8mb4_general_ci;

--
-- Dumping data for table `store`
--

INSERT INTO `store` (`storeID`, `name`, `email`, `contact`, `address_line1`, `address_line2`, `city`, `ZIP_code`, `state`, `country`, `reg_date`) VALUES
(1, 'Shine Mart', 'shinemart@mail.com', '+603 445 2345', '14, Argon Rd', 'Taman Lerang', 'Cheras', 56000, 'Kuala Lumpur', 'Malaysia', '2024-10-24 21:11:58'),
(2, 'Yeet Hei Shop', 'yeethei@mail.com', '+604 123 7289', 'Queensbay Mall', 'Persiaran Bayan Indah', 'Bayan Lepas', 11900, 'Pulau Pinang', 'Malaysia', '2024-10-24 21:11:58'),
(3, 'MetMart', 'metmart@mail.com', '+603 998 7383', '20, Arranged Yoe', 'Jalan Silang', 'Cyber City', 18099, 'Ipoh', 'Malaysia', '2024-10-24 21:11:58'),
(4, 'Doorstop', 'ds@mail.com', '+604 893 2345', '32-38, Jalan Perai Jaya 2', 'Neon City District', 'Perai', 13700, 'Pulau Pinang', 'Malaysia', '2024-10-24 21:11:58');

-- --------------------------------------------------------

--
-- Table structure for table `user`
--

CREATE TABLE `user` (
  `userID` bigint(20) UNSIGNED NOT NULL,
  `name` varchar(255) NOT NULL,
  `email` varchar(255) NOT NULL,
  `password` varchar(255) NOT NULL,
  `user_type` varchar(255) NOT NULL,
  `storeID` bigint(20) UNSIGNED NOT NULL,
  `reg_date` timestamp NOT NULL DEFAULT current_timestamp() ON UPDATE current_timestamp()
) ENGINE=InnoDB DEFAULT CHARSET=utf8mb4 COLLATE=utf8mb4_general_ci;

--
-- Dumping data for table `user`
--

INSERT INTO `user` (`userID`, `name`, `email`, `password`, `user_type`, `storeID`, `reg_date`) VALUES
(1, 'Harnal Man', 'harnal@mail.com', '$2y$10$WrqAcA/8rb.PRlG5H1K2VOosvFmarxCZcKCclazOPrYLNceS4WffW', 'admin', 1, '2024-10-25 04:32:04'),
(2, 'Enrika Fontes', 'efontes@mail.com', '$2y$10$uY.aoHkKYgIDXJ6jH5RZdOjEV0JTelIeeN8whCvw/Z3MPbglICz5C', 'admin', 2, '2024-10-25 04:32:12'),
(3, 'Cary Brome', 'cbrome@mail.com', '$2y$10$yIl7MbwAL5p6Km2QsgIWGu4Yj/LpFrGFA50DaY4ElqnfpnDU1fAFq', 'admin', 3, '2024-10-25 04:32:18'),
(4, 'Vassili Mobius', 'vmobius@gmail.com', '$2y$10$ugQVeMkMVeMmoiqQRHSlQek8TxUbIw4qb4QrU0MtjQDfAggJngplW', 'staff', 4, '2024-10-25 04:32:46'),
(5, 'Collin Yetton', 'cyetton@mail.com', '$2y$10$AuAldfDkrsnTKUWmd/CxMOwbe9hwKDRx2ZjCGmauToTGZ5fjnAbgq', 'staff', 1, '2024-10-25 04:32:53'),
(6, 'Barret Coaster', 'bcoaster@mail.com', '$2y$10$yQOYjF8EwzDSNs6uJ.m84.HlZF28LVanRewbbsOOLSMbXDD2N/AeO', 'staff', 2, '2024-10-25 04:33:00'),
(7, 'Catarina Frisdick', 'cfrisdick@mail.com', '$2y$10$4.3K06UJFD8fljRZVLcLq.aXxU4eUJMVV7uY2XnAR5qEdjdsuRFX.', 'admin', 3, '2024-10-25 04:33:08'),
(8, 'Torre Fuggles', 'tfuggles@mail.com', '$2y$10$dpH9CWpxNmss3zvraIKIteAFedxvUEldbxo4kFuue8t18S1qfQ4oi', 'staff', 4, '2024-10-25 04:33:14'),
(9, 'Blithe Burkinshaw', 'bburkins@mail.com', '$2y$10$ENLD.giYrzlw/1Ec4l8Pxuwua1BEnDkyYl1UbytF6S9dE7.7HVKTq', 'staff', 1, '2024-10-25 04:33:21'),
(11, 'John Doe Admin', 'johndoe@mail.com', '$2y$10$DXHDslmYA/DQCqrravU.zeZDR7iUSDPhHYScd3uLgOTOOfGedcecy', 'admin', 2, '2024-11-02 07:15:35'),
(12, 'newuser1', 'newstaff@mail.com', '$2y$10$p6.PASYF/mO1CvG6JIntXePm9soPQmGEAKHXX5xwz0FNKCT12KP2O', 'staff', 3, '2024-11-08 10:07:35'),
(13, 'Admin user', 'admin@mail.com', '$2y$10$i4j8o9Igv74YEfuu4eIBi..whTtKUVBDhkN0TpoVHCDmZwTA1FwcW', 'admin', 4, '2024-11-08 12:28:14'),
(14, 'Staff Account', 'staff@mail.com', '$2y$10$N4VmwYEcNyx2Px.Fcn.7E.OvHRpcFQNkYKJGR0YVzrvJP3EnNvNZ2', 'staff', 4, '2024-11-08 12:37:22');

-- --------------------------------------------------------

--
-- Table structure for table `vendor`
--

CREATE TABLE `vendor` (
  `vendorID` bigint(20) UNSIGNED NOT NULL,
  `name` varchar(255) NOT NULL,
  `email` varchar(255) NOT NULL,
  `password` varchar(255) NOT NULL,
  `address_line1` varchar(255) NOT NULL,
  `address_line2` varchar(255) NOT NULL,
  `city` varchar(255) NOT NULL,
  `ZIP_code` int(5) NOT NULL,
  `state` varchar(255) NOT NULL,
  `country` varchar(255) NOT NULL,
  `reg_date` timestamp NOT NULL DEFAULT current_timestamp() ON UPDATE current_timestamp()
) ENGINE=InnoDB DEFAULT CHARSET=utf8mb4 COLLATE=utf8mb4_general_ci;

--
-- Dumping data for table `vendor`
--

INSERT INTO `vendor` (`vendorID`, `name`, `email`, `password`, `address_line1`, `address_line2`, `city`, `ZIP_code`, `state`, `country`, `reg_date`) VALUES
(1, 'Abu Vendors Sdn. Bhd.', 'abuvendors@mail.com', 'Abuvendors!23', 'address line 1', 'address line 2', 'Bayan Lepas', 11900, 'Penang', 'Malaysia', '2024-10-25 07:10:22'),
(2, 'Shake Shack Sdn. Bhd.', 'shakeshack@mail.com', 'Shakeshack!23', 'address line 1', 'address line 2', 'Batu Kawan', 14110, 'Penang', 'Malaysia', '2024-10-25 07:14:07'),
(3, 'Ringo Distributors Co.', 'ringo@mail.com', 'Ringo!23', 'address line 1', 'address line 2', 'Shah Alam', 400000, 'Selangor', 'Malaysia', '2024-10-25 07:14:07'),
(4, 'Ah Lam Enterprise', 'ahlamenterprise@mail.com', 'Ahlamenterprise!23', 'address line 1', 'address line 2', 'Alor Setar', 50000, 'Kedah', 'Malaysia', '2024-10-25 07:17:05'),
(5, 'Prawns & Corns Brothers', 'prawnsandcorns@mail.com', 'Prawnsandcorns!23', 'address line 1', 'address line 2', 'Ipoh', 300000, 'Perak', 'Malaysia', '2024-10-25 07:17:05');

-- --------------------------------------------------------

--
-- Table structure for table `vendor_product_link`
--

CREATE TABLE `vendor_product_link` (
  `vendorID` bigint(20) UNSIGNED NOT NULL,
  `productID` bigint(20) UNSIGNED NOT NULL
) ENGINE=InnoDB DEFAULT CHARSET=utf8mb4 COLLATE=utf8mb4_general_ci;

--
-- Dumping data for table `vendor_product_link`
--

INSERT INTO `vendor_product_link` (`vendorID`, `productID`) VALUES
(3, 1),
(2, 2),
(4, 3),
(1, 4),
(4, 5),
(2, 6),
(2, 7),
(3, 8),
(2, 9),
(5, 10),
(3, 11),
(3, 12),
(5, 13),
(3, 14),
(4, 15),
(3, 16),
(3, 17),
(4, 18),
(3, 19),
(3, 20),
(5, 21),
(1, 22),
(2, 23),
(1, 24),
(2, 25),
(3, 26),
(1, 27),
(4, 28),
(2, 29),
(3, 30),
(5, 31),
(1, 32),
(4, 33),
(5, 34),
(5, 35),
(5, 36),
(4, 37),
(5, 38),
(2, 39),
(4, 40),
(2, 41),
(3, 42),
(3, 43),
(5, 44),
(5, 45),
(5, 46),
(3, 47),
(3, 48),
(2, 49),
(1, 50),
(5, 51),
(1, 52),
(2, 53),
(2, 54),
(5, 55),
(1, 56),
(3, 57),
(1, 58),
(4, 59),
(2, 60),
(1, 61),
(2, 62),
(5, 63),
(5, 64),
(4, 65),
(1, 66),
(3, 67),
(1, 68),
(5, 69),
(3, 70),
(3, 71),
(1, 72),
(2, 73),
(2, 74),
(1, 75),
(2, 76),
(4, 77),
(2, 78),
(3, 79),
(1, 80),
(1, 81),
(5, 82),
(5, 83),
(5, 84),
(2, 85),
(1, 86),
(4, 87),
(1, 88),
(3, 89),
(3, 90),
(4, 91),
(3, 92),
(2, 93),
(5, 94),
(4, 95),
(2, 96),
(5, 97),
(4, 98),
(2, 99),
(4, 100),
(3, 101),
(1, 102),
(4, 103),
(4, 104),
(3, 105),
(1, 106),
(2, 107),
(4, 108),
(1, 109),
(1, 110),
(3, 111),
(3, 112),
(4, 113),
(3, 114),
(4, 115),
(4, 116),
(4, 117),
(4, 118),
(3, 119),
(1, 120),
(1, 121),
(4, 122),
(5, 123),
(2, 124),
(1, 125),
(5, 126),
(3, 127),
(3, 128),
(3, 129),
(3, 130),
(1, 131),
(5, 132),
(4, 133),
(3, 134),
(5, 135),
(3, 136),
(5, 137),
(2, 138),
(4, 139),
(4, 140),
(2, 141),
(2, 142),
(5, 143),
(2, 144),
(2, 145),
(2, 146),
(1, 147),
(4, 148),
(2, 149),
(5, 150),
(5, 151),
(1, 152),
(4, 153),
(1, 154),
(1, 155),
(1, 156),
(4, 157),
(2, 158),
(3, 159),
(1, 160),
(5, 161),
(1, 162),
(3, 163),
(3, 164),
(1, 165),
(1, 166),
(5, 167),
(1, 168),
(1, 169),
(4, 170),
(5, 171),
(2, 172),
(5, 173),
(1, 174),
(1, 175),
(2, 176),
(3, 177),
(2, 178),
(3, 179),
(5, 180),
(1, 181),
(1, 182),
(5, 183),
(5, 184),
(4, 185),
(3, 186),
(5, 187),
(4, 188),
(3, 189),
(3, 190),
(5, 191),
(3, 192),
(2, 193),
(4, 194),
(4, 195),
(2, 196),
(4, 197),
(4, 198),
(3, 199),
(4, 200),
(5, 201),
(4, 202),
(5, 203),
(1, 204),
(4, 205),
(1, 206),
(1, 207),
(5, 208),
(3, 209),
(5, 210),
(4, 211),
(2, 212),
(3, 213),
(2, 214),
(2, 215),
(1, 216),
(1, 217),
(5, 218),
(4, 219),
(4, 220),
(3, 221),
(2, 222),
(3, 223),
(2, 224),
(4, 225),
(5, 226),
(4, 227),
(4, 228),
(4, 229),
(1, 230),
(5, 231),
(1, 232),
(2, 233),
(3, 234),
(1, 235),
(2, 236),
(3, 237),
(3, 238),
(5, 239),
(4, 240),
(2, 241),
(3, 242),
(2, 243),
(5, 244),
(1, 245),
(3, 246),
(3, 247),
(1, 248),
(2, 249),
(3, 250),
(4, 251),
(5, 252),
(4, 253),
(1, 254),
(5, 255),
(5, 256),
(5, 257),
(1, 258),
(2, 259),
(1, 260),
(2, 261),
(1, 262),
(4, 263),
(5, 264),
(2, 265),
(4, 266),
(2, 267),
(5, 268),
(4, 269),
(5, 270),
(2, 271),
(4, 272),
(3, 273),
(2, 274),
(4, 275),
(3, 276),
(3, 277),
(3, 278),
(5, 279),
(1, 280),
(3, 281),
(1, 282),
(2, 283),
(1, 284),
(4, 285),
(4, 286),
(1, 287),
(1, 288),
(1, 289),
(3, 290),
(1, 291),
(5, 292),
(1, 293),
(1, 294),
(1, 295),
(4, 296),
(1, 297),
(4, 298),
(4, 299),
(2, 300),
(5, 301),
(1, 302),
(1, 303),
(5, 304),
(2, 305),
(2, 306),
(1, 307),
(2, 308),
(1, 309),
(3, 310),
(5, 311),
(3, 312),
(5, 313),
(4, 314),
(4, 315),
(4, 316),
(4, 317),
(2, 318),
(1, 319),
(3, 320),
(3, 321),
(3, 322),
(5, 323),
(4, 324),
(2, 325),
(1, 326),
(4, 327),
(1, 328),
(5, 329),
(5, 330),
(4, 331),
(4, 332),
(1, 333),
(4, 334),
(5, 335),
(5, 336),
(3, 337),
(4, 338),
(4, 339),
(3, 340),
(3, 341),
(5, 342),
(3, 343),
(3, 344),
(5, 345),
(3, 346),
(1, 347),
(2, 348),
(2, 349),
(4, 350),
(5, 351),
(1, 352),
(3, 353),
(2, 354),
(2, 355),
(3, 356),
(4, 357),
(3, 358),
(1, 359),
(5, 360),
(5, 361),
(4, 362),
(3, 363),
(4, 364),
(1, 365),
(2, 366),
(2, 367),
(1, 368),
(1, 369),
(2, 370),
(3, 371),
(5, 372),
(2, 373),
(3, 374),
(4, 375),
(2, 376),
(5, 377),
(1, 378),
(1, 379),
(5, 380),
(3, 381),
(3, 382),
(3, 383),
(3, 384),
(3, 385),
(4, 386),
(5, 387),
(1, 388),
(5, 389),
(2, 390),
(3, 391),
(4, 392),
(5, 393),
(1, 394),
(3, 395),
(4, 396),
(4, 397),
(5, 398),
(3, 399),
(1, 400),
(1, 401),
(4, 402),
(2, 403),
(1, 404),
(2, 405),
(4, 406),
(5, 407),
(1, 408),
(2, 409),
(5, 410),
(2, 411),
(3, 412),
(4, 413),
(5, 414),
(5, 415),
(1, 416),
(1, 417),
(2, 418),
(2, 419),
(3, 420),
(5, 421),
(4, 422),
(4, 423),
(2, 424),
(1, 425),
(2, 426),
(2, 427),
(1, 428),
(1, 429),
(1, 430),
(2, 431),
(1, 432),
(5, 433),
(1, 434),
(1, 435),
(1, 436),
(2, 437),
(4, 438),
(3, 439),
(4, 440),
(4, 441),
(3, 442),
(2, 443),
(2, 444),
(3, 445),
(5, 446),
(2, 447),
(1, 448),
(5, 449),
(2, 450),
(5, 451),
(4, 452),
(2, 453),
(1, 454),
(5, 455),
(3, 456),
(4, 457),
(2, 458),
(2, 459),
(3, 460),
(2, 461),
(2, 462),
(3, 463),
(1, 464),
(5, 465),
(4, 466),
(3, 467),
(2, 468),
(1, 469),
(1, 470),
(1, 471),
(1, 472),
(2, 473),
(1, 474),
(4, 475),
(3, 476),
(3, 477),
(1, 478),
(3, 479),
(4, 480),
(1, 481),
(1, 482),
(3, 483),
(4, 484),
(4, 485),
(3, 486),
(3, 487),
(2, 488),
(2, 489),
(3, 490),
(5, 491),
(2, 492),
(4, 493),
(5, 494),
(5, 495),
(5, 496),
(5, 497),
(1, 498),
(4, 499),
(5, 500),
(3, 501),
(3, 502),
(3, 503),
(2, 504),
(3, 505),
(5, 506),
(2, 507),
(1, 508),
(5, 509),
(5, 510),
(4, 511),
(2, 512),
(3, 513),
(4, 514),
(1, 515),
(3, 516),
(5, 517),
(2, 518),
(4, 519),
(2, 520),
(5, 521),
(5, 522),
(4, 523),
(5, 524),
(4, 525),
(3, 526),
(3, 527),
(1, 528),
(3, 529),
(3, 530),
(5, 531),
(5, 532),
(4, 533),
(4, 534),
(1, 535),
(2, 536),
(5, 537),
(2, 538),
(3, 539),
(4, 540),
(2, 541),
(3, 542),
(3, 543),
(4, 544),
(4, 545),
(1, 546),
(3, 547),
(4, 548),
(5, 549),
(3, 550),
(4, 551),
(3, 552),
(5, 553),
(5, 554),
(2, 555),
(5, 556),
(4, 557),
(4, 558),
(4, 559),
(3, 560),
(3, 561),
(4, 562),
(3, 563),
(1, 564),
(2, 565),
(2, 566),
(3, 567),
(1, 568),
(5, 569),
(1, 570),
(1, 571),
(1, 572),
(5, 573),
(5, 574),
(2, 575),
(4, 576),
(3, 577),
(3, 578),
(2, 579),
(1, 580),
(2, 581);

-- --------------------------------------------------------

--
-- Table structure for table `vendor_store_link`
--

CREATE TABLE `vendor_store_link` (
  `vendorID` bigint(20) UNSIGNED NOT NULL,
  `storeID` bigint(20) UNSIGNED NOT NULL
) ENGINE=InnoDB DEFAULT CHARSET=utf8mb4 COLLATE=utf8mb4_general_ci;

--
-- Dumping data for table `vendor_store_link`
--

INSERT INTO `vendor_store_link` (`vendorID`, `storeID`) VALUES
(1, 1),
(2, 1),
(3, 1),
(4, 1),
(5, 1),
(1, 2),
(2, 2),
(3, 2),
(4, 2),
(5, 2),
(1, 3),
(2, 3),
(3, 3),
(4, 3),
(5, 3),
(1, 4),
(2, 4),
(3, 4),
(4, 4),
(5, 4);

--
-- Indexes for dumped tables
--

--
-- Indexes for table `activity_log`
--
ALTER TABLE `activity_log`
  ADD PRIMARY KEY (`logID`),
  ADD KEY `userID` (`userID`);

--
-- Indexes for table `product`
--
ALTER TABLE `product`
  ADD PRIMARY KEY (`productID`);

--
-- Indexes for table `product_category`
--
ALTER TABLE `product_category`
  ADD PRIMARY KEY (`categoryID`),
  ADD KEY `storeID` (`storeID`);

--
-- Indexes for table `product_category_link`
--
ALTER TABLE `product_category_link`
  ADD KEY `categoryID` (`categoryID`),
  ADD KEY `productID` (`productID`);

--
-- Indexes for table `product_type`
--
ALTER TABLE `product_type`
  ADD PRIMARY KEY (`prodtypeID`),
  ADD KEY `storeID` (`storeID`);

--
-- Indexes for table `product_type_link`
--
ALTER TABLE `product_type_link`
  ADD KEY `prodtypeID` (`prodtypeID`),
  ADD KEY `productID` (`productID`),
  ADD KEY `product_type_link_ibfk_3` (`storeID`);

--
-- Indexes for table `purchase_order`
--
ALTER TABLE `purchase_order`
  ADD PRIMARY KEY (`orderID`),
  ADD KEY `vendorID` (`vendorID`),
  ADD KEY `storeID` (`storeID`);

--
-- Indexes for table `purchase_order_items`
--
ALTER TABLE `purchase_order_items`
  ADD KEY `orderID` (`orderID`),
  ADD KEY `productID` (`productID`);

--
-- Indexes for table `sales`
--
ALTER TABLE `sales`
  ADD PRIMARY KEY (`salesID`),
  ADD KEY `userID` (`userID`);

--
-- Indexes for table `sales_item_link`
--
ALTER TABLE `sales_item_link`
  ADD KEY `salesID` (`salesID`),
  ADD KEY `productID` (`productID`);

--
-- Indexes for table `store`
--
ALTER TABLE `store`
  ADD PRIMARY KEY (`storeID`);

--
-- Indexes for table `user`
--
ALTER TABLE `user`
  ADD PRIMARY KEY (`userID`),
  ADD KEY `storeID` (`storeID`);

--
-- Indexes for table `vendor`
--
ALTER TABLE `vendor`
  ADD PRIMARY KEY (`vendorID`);

--
-- Indexes for table `vendor_product_link`
--
ALTER TABLE `vendor_product_link`
  ADD KEY `vendorID` (`vendorID`),
  ADD KEY `productID` (`productID`);

--
-- Indexes for table `vendor_store_link`
--
ALTER TABLE `vendor_store_link`
  ADD KEY `vendorID` (`vendorID`),
  ADD KEY `storeID` (`storeID`);

--
-- AUTO_INCREMENT for dumped tables
--

--
-- AUTO_INCREMENT for table `activity_log`
--
ALTER TABLE `activity_log`
  MODIFY `logID` bigint(20) UNSIGNED NOT NULL AUTO_INCREMENT, AUTO_INCREMENT=35;

--
-- AUTO_INCREMENT for table `product`
--
ALTER TABLE `product`
  MODIFY `productID` bigint(20) UNSIGNED NOT NULL AUTO_INCREMENT, AUTO_INCREMENT=614;

--
-- AUTO_INCREMENT for table `product_category`
--
ALTER TABLE `product_category`
  MODIFY `categoryID` bigint(20) UNSIGNED NOT NULL AUTO_INCREMENT, AUTO_INCREMENT=29;

--
-- AUTO_INCREMENT for table `product_type`
--
ALTER TABLE `product_type`
  MODIFY `prodtypeID` bigint(20) UNSIGNED NOT NULL AUTO_INCREMENT, AUTO_INCREMENT=30;

--
-- AUTO_INCREMENT for table `purchase_order`
--
ALTER TABLE `purchase_order`
  MODIFY `orderID` bigint(20) UNSIGNED NOT NULL AUTO_INCREMENT, AUTO_INCREMENT=15;

--
-- AUTO_INCREMENT for table `sales`
--
ALTER TABLE `sales`
  MODIFY `salesID` bigint(20) UNSIGNED NOT NULL AUTO_INCREMENT, AUTO_INCREMENT=1001;

--
-- AUTO_INCREMENT for table `store`
--
ALTER TABLE `store`
  MODIFY `storeID` bigint(20) UNSIGNED NOT NULL AUTO_INCREMENT, AUTO_INCREMENT=9;

--
-- AUTO_INCREMENT for table `user`
--
ALTER TABLE `user`
  MODIFY `userID` bigint(20) UNSIGNED NOT NULL AUTO_INCREMENT, AUTO_INCREMENT=15;

--
-- AUTO_INCREMENT for table `vendor`
--
ALTER TABLE `vendor`
  MODIFY `vendorID` bigint(20) UNSIGNED NOT NULL AUTO_INCREMENT, AUTO_INCREMENT=6;

--
-- Constraints for dumped tables
--

--
-- Constraints for table `activity_log`
--
ALTER TABLE `activity_log`
  ADD CONSTRAINT `activity_log_ibfk_1` FOREIGN KEY (`userID`) REFERENCES `user` (`userID`) ON DELETE CASCADE ON UPDATE CASCADE;

--
-- Constraints for table `product_category`
--
ALTER TABLE `product_category`
  ADD CONSTRAINT `product_category_ibfk_1` FOREIGN KEY (`storeID`) REFERENCES `store` (`storeID`) ON DELETE CASCADE ON UPDATE CASCADE;

--
-- Constraints for table `product_category_link`
--
ALTER TABLE `product_category_link`
  ADD CONSTRAINT `product_category_link_ibfk_1` FOREIGN KEY (`categoryID`) REFERENCES `product_category` (`categoryID`) ON DELETE CASCADE ON UPDATE CASCADE,
  ADD CONSTRAINT `product_category_link_ibfk_2` FOREIGN KEY (`productID`) REFERENCES `product` (`productID`) ON DELETE CASCADE ON UPDATE CASCADE;

--
-- Constraints for table `product_type`
--
ALTER TABLE `product_type`
  ADD CONSTRAINT `product_type_ibfk_1` FOREIGN KEY (`storeID`) REFERENCES `store` (`storeID`) ON DELETE CASCADE ON UPDATE CASCADE;

--
-- Constraints for table `product_type_link`
--
ALTER TABLE `product_type_link`
  ADD CONSTRAINT `product_type_link_ibfk_1` FOREIGN KEY (`prodtypeID`) REFERENCES `product_type` (`prodtypeID`) ON DELETE CASCADE ON UPDATE CASCADE,
  ADD CONSTRAINT `product_type_link_ibfk_2` FOREIGN KEY (`productID`) REFERENCES `product` (`productID`) ON DELETE CASCADE ON UPDATE CASCADE,
  ADD CONSTRAINT `product_type_link_ibfk_3` FOREIGN KEY (`storeID`) REFERENCES `store` (`storeID`) ON DELETE CASCADE ON UPDATE CASCADE;

--
-- Constraints for table `purchase_order`
--
ALTER TABLE `purchase_order`
  ADD CONSTRAINT `purchase_order_ibfk_1` FOREIGN KEY (`vendorID`) REFERENCES `vendor` (`vendorID`) ON DELETE CASCADE ON UPDATE CASCADE,
  ADD CONSTRAINT `purchase_order_ibfk_2` FOREIGN KEY (`storeID`) REFERENCES `store` (`storeID`) ON DELETE CASCADE ON UPDATE CASCADE;

--
-- Constraints for table `purchase_order_items`
--
ALTER TABLE `purchase_order_items`
  ADD CONSTRAINT `purchase_order_items_ibfk_1` FOREIGN KEY (`orderID`) REFERENCES `purchase_order` (`orderID`) ON DELETE CASCADE ON UPDATE CASCADE,
  ADD CONSTRAINT `purchase_order_items_ibfk_2` FOREIGN KEY (`productID`) REFERENCES `product` (`productID`) ON DELETE CASCADE ON UPDATE CASCADE;

--
-- Constraints for table `sales`
--
ALTER TABLE `sales`
  ADD CONSTRAINT `sales_ibfk_1` FOREIGN KEY (`userID`) REFERENCES `user` (`userID`) ON DELETE CASCADE ON UPDATE CASCADE;

--
-- Constraints for table `sales_item_link`
--
ALTER TABLE `sales_item_link`
  ADD CONSTRAINT `sales_item_link_ibfk_1` FOREIGN KEY (`salesID`) REFERENCES `sales` (`salesID`) ON DELETE CASCADE ON UPDATE CASCADE,
  ADD CONSTRAINT `sales_item_link_ibfk_2` FOREIGN KEY (`productID`) REFERENCES `product` (`productID`) ON DELETE CASCADE ON UPDATE CASCADE;

--
-- Constraints for table `user`
--
ALTER TABLE `user`
  ADD CONSTRAINT `user_ibfk_1` FOREIGN KEY (`storeID`) REFERENCES `store` (`storeID`) ON DELETE CASCADE ON UPDATE CASCADE;

--
-- Constraints for table `vendor_product_link`
--
ALTER TABLE `vendor_product_link`
  ADD CONSTRAINT `vendor_product_link_ibfk_1` FOREIGN KEY (`vendorID`) REFERENCES `vendor` (`vendorID`) ON DELETE CASCADE ON UPDATE CASCADE,
  ADD CONSTRAINT `vendor_product_link_ibfk_2` FOREIGN KEY (`productID`) REFERENCES `product` (`productID`) ON DELETE CASCADE ON UPDATE CASCADE;

--
-- Constraints for table `vendor_store_link`
--
ALTER TABLE `vendor_store_link`
  ADD CONSTRAINT `vendor_store_link_ibfk_1` FOREIGN KEY (`vendorID`) REFERENCES `vendor` (`vendorID`) ON DELETE CASCADE ON UPDATE CASCADE,
  ADD CONSTRAINT `vendor_store_link_ibfk_2` FOREIGN KEY (`storeID`) REFERENCES `store` (`storeID`) ON DELETE CASCADE ON UPDATE CASCADE;
COMMIT;

/*!40101 SET CHARACTER_SET_CLIENT=@OLD_CHARACTER_SET_CLIENT */;
/*!40101 SET CHARACTER_SET_RESULTS=@OLD_CHARACTER_SET_RESULTS */;
/*!40101 SET COLLATION_CONNECTION=@OLD_COLLATION_CONNECTION */;
